state,account_length,area_code,international_plan,voice_mail_plan,number_vmail_messages,total_day_minutes,total_day_calls,total_day_charge,total_eve_minutes,total_eve_calls,total_eve_charge,total_night_minutes,total_night_calls,total_night_charge,total_intl_minutes,total_intl_calls,total_intl_charge,customer_service_calls,churn,international_plan_flag,voice_mail_plan_flag,total_traffic_minutes,total_calls,total_cost,avg_minutes_per_call,capacity_risk,incident_level,cost_per_minute,calls_per_minute
LA,117,408,No,No,0,184.5,97,31.37,351.6,80,29.89,215.8,90,9.71,8.7,4,2.35,1,False,0,0,760.6000000000001,271,73.32,2.8066420664206646,Critical,Low,0.09639758085721796,0.35629765974230865
IN,65,415,No,No,0,129.1,137,21.95,228.5,83,19.42,208.8,111,9.4,12.7,6,3.43,4,True,0,0,579.1000000000001,337,54.2,1.71839762611276,Warning,High,0.0935935071662925,0.5819374892073906
NY,161,415,No,No,0,332.9,67,56.59,317.8,97,27.01,160.6,128,7.23,5.4,9,1.46,4,True,0,0,816.7,301,92.29,2.7132890365448508,Critical,High,0.11300355087547446,0.36855638545365493
SC,111,415,No,No,0,110.4,103,18.77,137.3,102,11.67,189.6,105,8.53,7.7,6,2.08,2,False,0,0,445.0,316,41.05,1.4082278481012658,Normal,Medium,0.09224719101123595,0.7101123595505618
HI,49,510,No,No,0,119.3,117,20.28,215.1,109,18.28,178.7,90,8.04,11.1,1,3.0,1,False,0,0,524.1999999999999,317,49.6,1.6536277602523657,Normal,Low,0.09462037390309044,0.6047310186951546
AK,36,408,No,Yes,30,146.3,128,24.87,162.5,80,13.81,129.3,109,5.82,14.5,6,3.92,0,False,0,1,452.6,323,48.42,1.4012383900928793,Normal,Low,0.1069818824569156,0.7136544410075121
MI,65,415,No,No,0,211.3,120,35.92,162.6,122,13.82,134.7,118,6.06,13.2,5,3.56,3,False,0,0,521.8,365,59.36000000000001,1.4295890410958902,Normal,Medium,0.11376006132617864,0.6995017247987735
ID,119,415,No,No,0,159.1,114,27.05,231.3,117,19.66,143.2,91,6.44,8.8,3,2.38,5,True,0,0,542.3999999999999,325,55.53,1.6689230769230765,Normal,High,0.10237831858407083,0.5991887905604721
VA,10,408,No,No,0,186.1,112,31.64,190.2,66,16.17,282.8,57,12.73,11.4,6,3.08,2,False,0,0,670.4999999999999,241,63.620000000000005,2.782157676348547,Warning,Medium,0.09488441461595826,0.3594332587621179
WI,68,415,No,No,0,148.8,70,25.3,246.5,164,20.95,129.8,103,5.84,12.1,3,3.27,3,False,0,0,537.2,340,55.36000000000001,1.58,Normal,Medium,0.10305286671630678,0.6329113924050632
MN,74,510,No,Yes,33,193.7,91,32.93,246.1,96,20.92,138.0,92,6.21,14.6,3,3.94,2,False,0,1,592.4,282,64.0,2.100709219858156,Warning,Medium,0.10803511141120865,0.4760297096556381
HI,85,415,No,No,0,235.8,109,40.09,157.2,94,13.36,188.2,99,8.47,12.0,3,3.24,0,False,0,0,593.2,305,65.16,1.9449180327868854,Warning,Low,0.10984490896830747,0.51416048550236
MN,46,415,No,No,0,214.1,72,36.4,164.4,104,13.97,177.5,113,7.99,8.2,3,2.21,2,False,0,0,564.2,292,60.57,1.932191780821918,Warning,Medium,0.10735554767812831,0.5175469691598723
VT,128,510,No,Yes,29,179.3,104,30.48,225.9,86,19.2,323.0,78,14.54,8.6,7,2.32,0,False,0,1,736.8000000000001,275,66.53999999999999,2.6792727272727275,Critical,Low,0.09030944625407164,0.37323561346362644
LA,155,415,No,No,0,203.4,100,34.58,190.9,104,16.23,196.0,119,8.82,8.9,4,2.4,0,True,0,0,599.1999999999999,327,62.03,1.8324159021406725,Warning,Low,0.10352136181575436,0.5457276368491323
MT,73,415,No,No,0,160.1,110,27.22,213.3,72,18.13,174.1,72,7.83,13.0,4,3.51,0,False,0,0,560.5,258,56.68999999999999,2.1724806201550386,Warning,Low,0.10114183764495983,0.46030330062444247
ID,77,415,No,No,0,251.8,72,42.81,205.7,126,17.48,275.2,109,12.38,9.8,7,2.65,2,True,0,0,742.5,314,75.32000000000001,2.3646496815286624,Critical,Medium,0.10144107744107746,0.4228956228956229
MA,108,415,No,No,0,178.3,137,30.31,189.0,76,16.07,129.1,102,5.81,14.6,5,3.94,0,False,0,0,511.0,320,56.129999999999995,1.596875,Normal,Low,0.10984344422700586,0.6262230919765166
KY,95,408,No,No,0,135.0,99,22.95,183.6,106,15.61,245.3,102,11.04,12.5,9,3.38,1,False,0,0,576.4000000000001,316,52.980000000000004,1.8240506329113928,Warning,Low,0.09191533657182512,0.5482303955586397
MI,36,510,No,Yes,29,281.4,102,47.84,202.2,76,17.19,187.2,113,8.42,9.0,6,2.43,2,False,0,1,679.8,297,75.88000000000001,2.2888888888888888,Warning,Medium,0.11162106501912329,0.4368932038834952
CO,141,415,No,Yes,32,148.6,91,25.26,131.1,97,11.14,219.4,142,9.87,10.1,1,2.73,1,False,0,1,509.20000000000005,331,49.0,1.5383685800604232,Normal,Low,0.09622937941869598,0.6500392772977218
AZ,63,415,No,No,0,58.9,125,10.01,169.6,59,14.42,211.4,88,9.51,9.4,3,2.54,1,False,0,0,449.29999999999995,275,36.48,1.6338181818181816,Normal,Low,0.08119296683730247,0.612063209436902
ID,97,408,No,No,0,239.8,125,40.77,214.8,111,18.26,143.3,81,6.45,8.7,5,2.35,2,False,0,0,606.6000000000001,322,67.83,1.8838509316770191,Warning,Medium,0.11181998021760631,0.5308275634685129
CA,75,408,No,No,0,166.3,125,28.27,158.2,86,13.45,256.7,80,11.55,6.1,5,1.65,1,False,0,0,587.3000000000001,296,54.919999999999995,1.9841216216216218,Warning,Low,0.09351268516941935,0.5040013621658437
WA,127,408,No,No,0,146.7,91,24.94,203.5,78,17.3,203.4,110,9.15,13.7,3,3.7,1,False,0,0,567.3000000000001,282,55.09,2.0117021276595746,Warning,Low,0.09710911334390974,0.4970914859862506
LA,121,408,No,No,0,181.5,121,30.86,218.4,98,18.56,161.6,103,7.27,8.5,5,2.3,1,False,0,0,570.0,327,58.989999999999995,1.7431192660550459,Warning,Low,0.10349122807017543,0.5736842105263158
NE,117,415,No,No,0,102.8,119,17.48,206.7,91,17.57,299.0,105,13.46,10.1,7,2.73,1,False,0,0,618.6,322,51.239999999999995,1.9211180124223604,Warning,Low,0.08283220174587777,0.5205302295505981
OH,65,408,No,No,0,187.9,116,31.94,157.6,117,13.4,227.3,86,10.23,7.5,6,2.03,1,False,0,0,580.3,325,57.60000000000001,1.7855384615384613,Warning,Low,0.0992590039634672,0.5600551438910909
MO,6,510,No,No,0,183.6,117,31.21,256.7,72,21.82,178.6,79,8.04,10.2,2,2.75,1,False,0,0,629.1,270,63.82,2.33,Warning,Low,0.10144651088857097,0.42918454935622313
AL,32,510,No,No,0,230.9,87,39.25,187.4,90,15.93,154.0,53,6.93,6.3,2,1.7,0,False,0,0,578.5999999999999,232,63.81,2.493965517241379,Warning,Low,0.11028344279294852,0.4009678534393364
NH,64,408,No,Yes,27,182.1,91,30.96,169.7,98,14.42,164.7,86,7.41,10.6,5,2.86,2,False,0,1,527.1,280,55.650000000000006,1.8825,Normal,Medium,0.10557768924302789,0.5312084993359893
NM,25,415,No,No,0,119.3,87,20.28,211.5,101,17.98,268.9,86,12.1,10.5,4,2.84,3,False,0,0,610.2,278,53.2,2.1949640287769787,Warning,Medium,0.08718452966240577,0.45558833169452634
OR,65,415,No,No,0,116.8,87,19.86,178.9,93,15.21,182.4,150,8.21,14.1,2,3.81,1,False,0,0,492.20000000000005,332,47.09,1.482530120481928,Normal,Low,0.09567249085737504,0.674522551808208
MI,127,415,No,No,0,202.1,103,34.36,229.4,86,19.5,195.2,113,8.78,11.5,3,3.11,2,False,0,0,638.2,305,65.75,2.092459016393443,Warning,Medium,0.10302413036665621,0.47790661234722653
AZ,93,415,No,No,0,271.6,71,46.17,229.4,108,19.5,77.3,121,3.48,10.9,3,2.94,2,False,0,0,589.1999999999999,303,72.09,1.9445544554455443,Warning,Medium,0.12235234215885948,0.5142566191446029
TX,208,510,No,No,0,326.5,67,55.51,176.3,113,14.99,181.7,102,8.18,10.7,6,2.89,2,True,0,0,695.2,288,81.57000000000001,2.413888888888889,Warning,Medium,0.1173331415420023,0.41426927502876865
IN,122,415,No,No,0,243.8,98,41.45,83.9,72,7.13,179.8,84,8.09,13.7,8,3.7,2,False,0,0,521.2,262,60.370000000000005,1.9893129770992368,Normal,Medium,0.11582885648503453,0.5026861089792786
LA,99,415,No,No,0,241.1,72,40.99,155.6,98,13.23,188.2,109,8.47,11.6,10,3.13,1,False,0,0,596.5,289,65.82,2.06401384083045,Warning,Low,0.1103436714165968,0.4844928751047779
MS,65,415,No,No,0,136.1,112,23.14,272.9,96,23.2,220.2,104,9.91,4.4,2,1.19,1,False,0,0,633.6,314,57.44,2.0178343949044586,Warning,Low,0.09065656565656564,0.49558080808080807
IN,65,415,No,No,0,213.4,111,36.28,234.5,94,19.93,250.1,123,11.25,2.7,4,0.73,1,False,0,0,700.7,332,68.19000000000001,2.110542168674699,Critical,Low,0.09731696874554019,0.47381190238333093
KY,45,415,No,Yes,22,196.6,84,33.42,313.2,92,26.62,163.3,108,7.35,11.9,3,3.21,0,False,0,1,684.9999999999999,287,70.6,2.386759581881533,Warning,Low,0.10306569343065694,0.4189781021897811
MN,139,510,No,No,0,134.4,106,22.85,211.3,98,17.96,193.6,125,8.71,10.2,2,2.75,5,True,0,0,549.5000000000001,331,52.27,1.6601208459214505,Normal,High,0.09512283894449498,0.6023657870791628
WY,215,510,No,No,0,83.6,148,14.21,120.9,91,10.28,226.6,110,10.2,10.7,9,2.89,0,False,0,0,441.8,358,37.58,1.2340782122905027,Normal,Low,0.08506111362607514,0.8103214124038026
AZ,94,408,No,No,0,181.8,85,30.91,202.4,98,17.2,245.9,97,11.07,9.2,2,2.48,4,False,0,0,639.3000000000001,282,61.66,2.2670212765957447,Warning,High,0.09644924135773501,0.44110746128578127
NM,119,510,No,Yes,23,154.0,114,26.18,278.0,137,23.63,228.4,112,10.28,11.8,4,3.19,2,False,0,1,672.1999999999999,367,63.28,1.8316076294277928,Warning,Medium,0.09413864921154419,0.5459684617673312
MI,86,510,No,Yes,41,119.0,101,20.23,230.0,134,19.55,236.9,58,10.66,9.5,3,2.57,0,False,0,1,595.4,296,53.01,2.0114864864864863,Warning,Low,0.08903258313738663,0.4971447766207592
FL,106,408,No,Yes,32,165.9,126,28.2,216.5,93,18.4,173.1,86,7.79,14.1,8,3.81,4,False,0,1,569.6,313,58.199999999999996,1.8198083067092652,Warning,High,0.10217696629213482,0.5495084269662921
KS,92,408,Yes,No,0,62.6,111,10.64,180.6,126,15.35,221.7,80,9.98,10.4,2,2.81,1,True,1,0,475.29999999999995,319,38.78,1.4899686520376174,Normal,Low,0.08159057437407954,0.6711550599621292
SC,78,510,No,No,0,168.3,110,28.61,221.2,73,18.8,241.0,136,10.85,12.5,1,3.38,1,False,0,0,643.0,320,61.64,2.009375,Warning,Low,0.09586314152410576,0.4976671850699845
NC,155,408,No,No,0,262.4,55,44.61,194.6,113,16.54,146.5,85,6.59,8.3,6,2.24,2,False,0,0,611.8,259,69.97999999999999,2.362162162162162,Warning,Medium,0.1143837855508336,0.4233409610983982
MO,64,510,No,Yes,48,94.4,104,16.05,136.2,101,11.58,147.4,89,6.63,4.5,4,1.22,0,False,0,1,382.5,298,35.480000000000004,1.2835570469798658,Normal,Low,0.09275816993464053,0.7790849673202614
WA,83,415,No,No,0,221.4,103,37.64,231.8,103,19.7,122.5,100,5.51,9.8,5,2.65,3,False,0,0,585.5,311,65.5,1.882636655948553,Warning,Medium,0.11187019641332195,0.5311699402220325
SD,144,408,No,Yes,48,189.8,96,32.27,123.4,67,10.49,214.2,106,9.64,6.5,2,1.76,2,True,0,1,533.9000000000001,271,54.160000000000004,1.9701107011070114,Normal,Medium,0.1014422176437535,0.507585690204158
MT,143,415,No,No,0,172.3,97,29.29,174.0,108,14.79,188.2,119,8.47,13.0,4,3.51,2,False,0,0,547.5,328,56.059999999999995,1.6692073170731707,Normal,Medium,0.10239269406392693,0.5990867579908675
MN,81,415,No,No,0,198.4,93,33.73,210.9,108,17.93,193.3,71,8.7,10.4,6,2.81,2,False,0,0,613.0,278,63.17,2.2050359712230216,Warning,Medium,0.10305057096247962,0.4535073409461664
SD,145,408,No,Yes,24,147.5,90,25.08,175.7,108,14.93,252.1,102,11.34,15.6,3,4.21,2,False,0,1,590.9,303,55.559999999999995,1.9501650165016502,Warning,Medium,0.09402606193941444,0.5127771196479946
OK,89,510,No,No,0,303.9,95,51.66,260.9,114,22.18,312.1,89,14.04,5.3,3,1.43,1,True,0,0,882.1999999999999,301,89.31,2.930897009966777,Critical,Low,0.10123554749489913,0.34119247336204944
CT,199,415,No,Yes,34,230.6,121,39.2,219.4,99,18.65,299.3,94,13.47,8.0,2,2.16,0,False,0,1,757.3,316,73.48,2.396518987341772,Critical,Low,0.0970289185263436,0.41727188696685596
CT,96,415,No,Yes,37,172.7,93,29.36,120.1,116,10.21,216.1,86,9.72,10.3,5,2.78,5,True,0,1,519.1999999999999,300,52.07,1.7306666666666664,Normal,High,0.100288906009245,0.5778120184899846
MN,94,415,No,No,0,181.5,98,30.86,199.9,88,16.99,287.7,114,12.95,6.6,5,1.78,1,False,0,0,675.6999999999999,305,62.58,2.2154098360655734,Warning,Low,0.09261506585762913,0.4513837501849934
FL,127,415,No,No,0,266.6,106,45.32,264.8,168,22.51,207.2,119,9.32,5.9,2,1.59,1,True,0,0,744.5000000000001,395,78.74000000000001,1.8848101265822788,Critical,Low,0.1057622565480188,0.5305574210879784
RI,121,408,No,No,0,170.4,108,28.97,350.5,68,29.79,297.0,87,13.37,11.2,3,3.02,0,True,0,0,829.1,266,75.14999999999999,3.1169172932330826,Critical,Low,0.09064045350379929,0.32082981546254974
IN,122,408,No,No,0,296.4,99,50.39,214.8,89,18.26,133.9,107,6.03,11.4,3,3.08,4,True,0,0,656.5,298,77.76,2.203020134228188,Warning,High,0.11844630616907846,0.45392231530845395
AL,121,408,No,Yes,35,68.7,95,11.68,209.2,69,17.78,197.4,42,8.88,11.4,4,3.08,1,False,0,1,486.69999999999993,210,41.42,2.3176190476190475,Normal,Low,0.08510376001643724,0.4314772960756113
OR,77,510,No,No,0,233.8,104,39.75,266.5,94,22.65,212.7,104,9.57,7.6,3,2.05,2,False,0,0,720.6,305,74.02,2.3626229508196723,Critical,Medium,0.10271995559256175,0.4232583957812934
MS,64,408,Yes,No,0,236.2,77,40.15,218.6,85,18.58,194.1,97,8.73,13.2,2,3.56,2,True,1,0,662.1,261,71.02,2.5367816091954025,Warning,Medium,0.10726476363087147,0.3942002718622564
CA,124,408,Yes,No,0,244.6,89,41.58,188.8,80,16.05,206.0,114,9.27,11.3,4,3.05,1,False,1,0,650.6999999999999,287,69.94999999999999,2.2672473867595815,Warning,Low,0.10749961579837097,0.4410634701091133
DE,148,415,No,No,0,124.4,83,21.15,179.7,81,15.27,253.0,99,11.39,11.3,6,3.05,0,False,0,0,568.4,269,50.86,2.1130111524163566,Warning,Low,0.08947923997185081,0.4732582688247713
MS,77,408,No,No,0,230.0,87,39.1,103.2,138,8.77,309.6,136,13.93,11.3,3,3.05,2,False,0,0,654.0999999999999,364,64.85000000000001,1.7969780219780218,Warning,Medium,0.09914386179483262,0.5564898333588137
NC,135,415,No,No,0,201.8,81,34.31,225.0,114,19.13,204.4,82,9.2,10.3,6,2.78,1,False,0,0,641.5,283,65.42,2.26678445229682,Warning,Low,0.10197973499610288,0.441153546375682
SD,87,415,No,Yes,21,214.0,113,36.38,180.0,114,15.3,134.5,82,6.05,10.6,5,2.86,0,False,0,1,539.1,314,60.59,1.7168789808917198,Normal,Low,0.11239102207382674,0.5824522352068262
NH,54,510,No,No,0,210.5,102,35.79,204.5,83,17.38,127.8,53,5.75,8.5,5,2.3,1,False,0,0,551.3,243,61.22,2.2687242798353906,Warning,Low,0.11104661708688555,0.4407763468166153
MA,35,415,No,No,0,105.6,129,17.95,258.2,129,21.95,213.1,77,9.59,8.7,3,2.35,0,False,0,0,585.6,338,51.839999999999996,1.7325443786982249,Warning,Low,0.08852459016393442,0.5771857923497268
TX,84,408,No,No,0,138.6,102,23.56,199.0,93,16.92,204.1,137,9.18,7.8,4,2.11,0,False,0,0,549.5,336,51.77,1.6354166666666667,Normal,Low,0.09421292083712467,0.6114649681528662
OR,94,415,No,No,0,234.4,103,39.85,279.3,109,23.74,234.2,121,10.54,2.0,2,0.54,1,True,0,0,749.9000000000001,335,74.67,2.2385074626865675,Critical,Low,0.09957327643685823,0.4467262301640218
UT,96,408,No,Yes,26,145.8,108,24.79,192.2,89,16.34,165.1,96,7.43,9.9,2,2.67,1,False,0,1,513.0,295,51.23,1.7389830508474575,Normal,Low,0.0998635477582846,0.5750487329434698
NV,64,415,No,No,0,97.2,80,16.52,186.2,90,15.83,189.0,92,8.5,10.4,6,2.81,2,False,0,0,482.79999999999995,268,43.660000000000004,1.8014925373134327,Normal,Medium,0.09043082021541013,0.5550952775476389
NE,85,415,No,No,0,259.8,85,44.17,242.3,117,20.6,168.8,72,7.6,5.4,1,1.46,0,False,0,0,676.3000000000001,275,73.83,2.4592727272727277,Warning,Low,0.1091675292030164,0.40662427916605054
AZ,117,408,No,No,0,239.9,84,40.78,174.8,106,14.86,209.5,93,9.43,9.8,2,2.65,0,False,0,0,634.0,285,67.72,2.2245614035087717,Warning,Low,0.10681388012618297,0.44952681388012616
DC,112,415,No,Yes,16,221.6,110,37.67,130.2,123,11.07,200.0,108,9.0,11.3,3,3.05,1,False,0,1,563.0999999999999,344,60.79,1.6369186046511626,Warning,Low,0.10795595808914937,0.6109039247025396
MA,129,510,Yes,No,0,192.9,131,32.79,185.5,101,15.77,205.2,130,9.23,10.9,4,2.94,1,False,1,0,594.4999999999999,366,60.730000000000004,1.62431693989071,Warning,Low,0.10215306980656017,0.6156433978132886
AZ,140,408,No,No,0,173.2,91,29.44,196.8,106,16.73,209.3,128,9.42,11.2,5,3.02,3,False,0,0,590.5,330,58.61000000000001,1.7893939393939393,Warning,Medium,0.09925486875529213,0.558848433530906
MI,81,415,No,No,0,153.5,99,26.1,197.6,102,16.8,198.5,86,8.93,6.3,2,1.7,2,False,0,0,555.9,289,53.53000000000001,1.9235294117647057,Warning,Medium,0.096294297535528,0.5198776758409787
TX,70,510,No,No,0,59.5,103,10.12,257.2,106,21.86,208.3,86,9.37,11.1,6,3.0,0,False,0,0,536.1,301,44.349999999999994,1.781063122923588,Normal,Low,0.08272710315239692,0.5614624137287819
ID,79,510,No,Yes,21,264.3,79,44.93,202.8,118,17.24,173.4,92,7.8,6.3,3,1.7,4,False,0,1,646.8,292,71.67,2.2150684931506848,Warning,High,0.11080705009276438,0.4514533085961658
AL,85,408,No,No,0,127.9,107,21.74,271.2,124,23.05,202.2,76,9.1,12.5,5,3.38,0,False,0,0,613.8,312,57.27,1.9673076923076922,Warning,Low,0.09330400782013687,0.5083088954056696
SD,91,510,No,No,0,149.0,115,25.33,245.3,105,20.85,260.0,94,11.7,8.3,3,2.24,0,False,0,0,662.5999999999999,317,60.12,2.0902208201892742,Warning,Low,0.09073347419257471,0.478418351946876
LA,149,415,No,Yes,20,198.9,77,33.81,274.0,88,23.29,190.7,76,8.58,14.3,9,3.86,1,False,0,1,677.8999999999999,250,69.54,2.7115999999999993,Warning,Low,0.10258150169641543,0.36878595663077157
AZ,60,415,No,No,0,98.2,88,16.69,180.5,69,15.34,223.6,69,10.06,9.3,2,2.51,2,False,0,0,511.59999999999997,228,44.6,2.2438596491228067,Normal,Medium,0.08717748240813136,0.44566067240031276
RI,115,408,No,No,0,147.9,109,25.14,228.4,117,19.41,299.7,90,13.49,9.6,9,2.59,3,False,0,0,685.6,325,60.629999999999995,2.109538461538462,Warning,Medium,0.08843348891481913,0.4740373395565928
OH,144,415,No,Yes,18,106.4,109,18.09,108.1,113,9.19,208.4,111,9.38,10.1,5,2.73,1,False,0,1,433.0,338,39.39,1.2810650887573964,Normal,Low,0.09096997690531178,0.7806004618937644
AZ,86,415,No,Yes,32,70.9,163,12.05,166.7,121,14.17,244.9,105,11.02,11.1,5,3.0,3,False,0,1,493.6,394,40.239999999999995,1.2527918781725889,Normal,Medium,0.08152350081037275,0.7982171799027552
MI,139,415,No,Yes,20,214.6,101,36.48,235.1,132,19.98,162.8,132,7.33,14.8,12,4.0,0,False,0,1,627.3,377,67.78999999999999,1.6639257294429708,Warning,Low,0.10806631595727721,0.6009883628248047
NV,124,408,No,No,0,151.1,123,25.69,187.4,104,15.93,255.4,93,11.49,5.3,3,1.43,1,False,0,0,599.1999999999999,323,54.540000000000006,1.8551083591331268,Warning,Low,0.09102136181575436,0.5390520694259012
MA,102,510,Yes,No,0,233.8,103,39.75,221.6,131,18.84,146.9,106,6.61,12.8,3,3.46,0,False,1,0,615.0999999999999,343,68.66,1.7932944606413992,Warning,Low,0.11162412615834824,0.5576329052186637
IN,78,415,No,No,0,208.9,119,35.51,252.4,132,21.45,280.2,120,12.61,12.8,7,3.46,0,False,0,0,754.3,378,73.02999999999999,1.9955026455026454,Critical,Low,0.09681824207874849,0.50112687259711
AL,55,415,Yes,No,0,191.9,91,32.62,256.1,110,21.77,203.7,101,9.17,14.3,6,3.86,1,True,1,0,666.0,308,67.42,2.1623376623376624,Warning,Low,0.10123123123123123,0.4624624624624625
RI,129,415,No,Yes,33,119.6,104,20.33,278.7,88,23.69,263.4,175,11.85,5.9,2,1.59,2,False,0,1,667.5999999999999,369,57.46,1.8092140921409212,Warning,Medium,0.08606950269622529,0.5527261833433195
ME,75,408,Yes,No,0,211.3,61,35.92,105.6,119,8.98,175.9,63,7.92,9.7,4,2.62,4,True,1,0,502.49999999999994,247,55.440000000000005,2.0344129554655868,Normal,High,0.11032835820895524,0.491542288557214
SD,126,415,No,Yes,23,114.3,102,19.43,190.3,103,16.18,240.4,111,10.82,12.6,7,3.4,3,False,0,1,557.6,323,49.83,1.7263157894736842,Warning,Medium,0.0893651362984218,0.5792682926829268
MO,92,415,No,No,0,154.0,122,26.18,329.8,88,28.03,288.0,117,12.96,5.6,2,1.51,3,True,0,0,777.4,329,68.68,2.362917933130699,Critical,Medium,0.08834576794443016,0.4232055569848212
OK,52,408,No,No,0,214.7,68,36.5,158.6,138,13.48,123.4,114,5.55,9.4,4,2.54,2,False,0,0,506.0999999999999,324,58.07,1.5620370370370367,Normal,Medium,0.11474016992689194,0.6401896858328395
IL,87,510,No,No,0,231.3,105,39.32,171.7,108,14.59,67.7,136,3.05,13.0,6,3.51,1,False,0,0,483.7,355,60.46999999999999,1.3625352112676057,Normal,Low,0.12501550547860243,0.7339259871821378
NJ,95,415,No,Yes,22,40.9,126,6.95,133.4,90,11.34,264.2,91,11.89,11.9,7,3.21,0,False,0,1,450.4,314,33.39,1.4343949044585986,Normal,Low,0.0741341030195382,0.697158081705151
LA,67,510,No,No,0,310.4,97,52.77,66.5,123,5.65,246.5,99,11.09,9.2,10,2.48,4,False,0,0,632.6,329,71.99000000000001,1.9227963525835867,Warning,High,0.11380018969332913,0.5200758773316472
OR,165,415,No,No,0,216.6,126,36.82,190.8,104,16.22,224.7,123,10.11,12.4,8,3.35,0,False,0,0,644.4999999999999,361,66.5,1.7853185595567864,Warning,Low,0.10318076027928628,0.5601241272304113
RI,150,415,No,Yes,29,209.9,77,35.68,158.0,52,13.43,141.9,113,6.39,6.6,1,1.78,0,False,0,1,516.4,243,57.28,2.125102880658436,Normal,Low,0.11092176607281178,0.470565453137103
NC,26,415,No,No,0,234.5,109,39.87,216.5,129,18.4,191.6,94,8.62,3.5,6,0.95,3,False,0,0,646.1,338,67.84,1.9115384615384616,Warning,Medium,0.1049992261259867,0.5231388329979879
MD,79,510,No,Yes,31,103.1,90,17.53,243.0,135,20.66,76.4,92,3.44,12.2,8,3.29,3,False,0,1,434.7,325,44.919999999999995,1.3375384615384616,Normal,Medium,0.10333563377041637,0.7476420519898781
WI,69,510,Yes,No,0,279.8,90,47.57,248.7,91,21.14,171.0,118,7.69,8.4,10,2.27,2,True,1,0,707.9,309,78.67,2.2909385113268605,Critical,Medium,0.11113151575081227,0.43650233083768897
VT,95,510,Yes,Yes,41,136.8,91,23.26,200.8,61,17.07,133.7,67,6.02,10.3,9,2.78,5,True,1,1,481.6,228,49.129999999999995,2.112280701754386,Normal,High,0.10201411960132889,0.473421926910299
NY,157,415,No,No,0,224.5,111,38.17,200.7,99,17.06,116.6,118,5.25,11.5,2,3.11,2,False,0,0,553.3,330,63.59,1.6766666666666665,Warning,Medium,0.1149286101572384,0.5964214711729623
VT,80,415,No,No,0,160.6,103,27.3,237.0,109,20.15,245.1,88,11.03,10.7,1,2.89,1,False,0,0,653.4000000000001,301,61.370000000000005,2.1707641196013294,Warning,Low,0.09392408937863482,0.460667278849097
AZ,75,510,No,Yes,37,121.5,97,20.66,271.4,110,23.07,248.7,97,11.19,11.3,5,3.05,2,False,0,1,652.8999999999999,309,57.97,2.1129449838187697,Warning,Medium,0.08878848215653241,0.47327308929391954
WV,44,510,No,No,0,228.1,121,38.78,276.5,79,23.5,279.8,77,12.59,9.9,5,2.67,2,True,0,0,794.3000000000001,282,77.54,2.816666666666667,Critical,Medium,0.09762054639305048,0.35502958579881655
OK,101,408,No,No,0,89.7,118,15.25,260.1,79,22.11,170.1,93,7.65,13.5,11,3.65,5,True,0,0,533.4,301,48.66,1.7720930232558139,Normal,High,0.09122609673790776,0.5643044619422573
WI,117,408,No,Yes,14,80.2,81,13.63,219.0,103,18.62,122.6,102,5.52,8.6,2,2.32,1,False,0,1,430.4,288,40.089999999999996,1.4944444444444445,Normal,Low,0.09314591078066914,0.6691449814126395
PA,82,408,No,No,0,125.7,96,21.37,207.6,137,17.65,183.1,103,8.24,12.9,2,3.48,1,False,0,0,529.3,338,50.739999999999995,1.5659763313609467,Normal,Low,0.09586245985263556,0.6385792556206311
NY,39,408,No,No,0,160.4,68,27.27,102.6,103,8.72,235.3,106,10.59,9.1,5,2.46,2,False,0,0,507.40000000000003,282,49.04,1.799290780141844,Normal,Medium,0.09664958612534488,0.5557745368545526
NM,30,415,No,No,0,169.9,144,28.88,225.2,118,19.14,169.7,93,7.64,11.4,7,3.08,1,False,0,0,576.1999999999999,362,58.739999999999995,1.5917127071823203,Warning,Low,0.10194376952447068,0.6282540784449845
NC,63,415,No,Yes,29,142.3,107,24.19,118.7,56,10.09,240.1,91,10.8,6.6,8,1.78,1,False,0,1,507.70000000000005,262,46.86,1.9377862595419848,Normal,Low,0.09229860153634036,0.5160527870789836
WY,111,415,No,No,0,146.2,55,24.85,261.5,83,22.23,163.2,116,7.34,8.7,3,2.35,3,False,0,0,579.6,257,56.77,2.2552529182879377,Warning,Medium,0.09794685990338164,0.4434092477570738
PA,91,510,No,No,0,231.8,120,39.41,150.6,106,12.8,269.2,129,12.11,11.6,7,3.13,3,False,0,0,663.1999999999999,362,67.44999999999999,1.8320441988950273,Warning,Medium,0.10170386007237635,0.5458383594692401
NV,105,415,Yes,Yes,29,220.7,82,37.52,217.7,110,18.5,190.5,100,8.57,13.2,6,3.56,1,True,1,1,642.1,298,68.15,2.1546979865771814,Warning,Low,0.10613611586980222,0.46410216477184235
WA,166,408,Yes,Yes,35,128.2,138,21.79,274.5,113,23.33,298.9,130,13.45,8.8,7,2.38,2,False,1,1,710.3999999999999,388,60.949999999999996,1.830927835051546,Critical,Medium,0.08579673423423424,0.5461711711711713
FL,79,510,No,No,0,130.2,119,22.13,290.9,121,24.73,194.8,140,8.77,14.0,6,3.78,3,False,0,0,629.9,386,59.41,1.631865284974093,Warning,Medium,0.0943165581838387,0.6127956818542626
ME,105,408,No,Yes,33,209.6,68,35.63,146.9,140,12.49,121.0,131,5.44,10.6,3,2.86,2,False,0,1,488.1,342,56.42,1.4271929824561405,Normal,Medium,0.11559106740422044,0.7006760909649662
LA,172,415,No,No,0,215.7,140,36.67,146.3,84,12.44,264.6,83,11.91,7.1,1,1.92,3,False,0,0,633.7,308,62.94,2.0574675324675327,Warning,Medium,0.09932144547893323,0.4860344011361843
KS,121,408,No,No,0,150.7,105,25.62,197.3,133,16.77,169.0,116,7.61,9.2,15,2.48,1,False,0,0,526.2,369,52.48,1.4260162601626019,Normal,Low,0.09973394146712275,0.7012542759407069
ND,88,415,No,No,0,161.5,92,27.46,173.5,108,14.75,206.2,95,9.28,7.9,4,2.13,2,False,0,0,549.1,299,53.620000000000005,1.836454849498328,Normal,Medium,0.097650701147332,0.5445274084866144
WV,153,408,No,Yes,28,235.6,74,40.05,227.9,37,19.37,170.3,103,7.66,15.4,9,4.16,0,False,0,1,649.1999999999999,223,71.24,2.911210762331838,Warning,Low,0.10973505853357979,0.3434996919285275
AR,54,415,No,Yes,39,206.9,143,35.17,127.8,72,10.86,199.2,120,8.96,9.2,1,2.48,3,False,0,1,543.1,336,57.47,1.6163690476190478,Normal,Medium,0.1058184496409501,0.6186705947339348
CA,79,510,No,No,0,157.6,85,26.79,194.1,92,16.5,231.5,86,10.42,9.4,10,2.54,5,True,0,0,592.6,273,56.25,2.170695970695971,Warning,High,0.09492068849139386,0.4606817414782315
MN,55,415,No,No,0,175.6,147,29.85,161.8,118,13.75,289.5,55,13.03,9.3,4,2.51,0,False,0,0,636.1999999999999,324,59.14,1.9635802469135801,Warning,Low,0.09295818924866395,0.5092738132662685
MT,109,408,No,No,0,264.7,69,45.0,305.0,120,25.93,197.4,86,8.88,9.5,9,2.57,1,True,0,0,776.6,284,82.38,2.7345070422535214,Critical,Low,0.10607777491630183,0.3656966263198558
SD,65,408,No,Yes,31,282.3,70,47.99,152.0,89,12.92,225.5,93,10.15,12.0,4,3.24,1,False,0,1,671.8,256,74.3,2.62421875,Warning,Low,0.11059839237868413,0.3810657933908902
MT,27,510,No,No,0,193.8,102,32.95,118.9,104,10.11,135.9,124,6.12,9.2,3,2.48,0,False,0,0,457.8,333,51.66,1.3747747747747747,Normal,Low,0.1128440366972477,0.727391874180865
WV,32,408,No,Yes,26,266.7,109,45.34,232.3,107,19.75,212.8,98,9.58,16.3,4,4.4,1,False,0,1,728.0999999999999,318,79.07000000000001,2.2896226415094336,Critical,Low,0.10859772009339379,0.4367531932426865
CT,3,415,No,Yes,36,118.1,117,20.08,221.5,125,18.83,103.9,89,4.68,11.9,6,3.21,2,False,0,1,455.4,337,46.8,1.3513353115727003,Normal,Medium,0.10276679841897234,0.7400087834870444
DE,119,415,No,No,0,176.8,90,30.06,224.7,81,19.1,204.6,77,9.21,7.5,15,2.03,1,False,0,0,613.6,263,60.4,2.333079847908745,Warning,Low,0.0984354628422425,0.4286179921773142
LA,43,415,No,No,0,241.9,101,41.12,129.4,121,11.0,264.8,104,11.92,5.9,3,1.59,1,False,0,0,642.0,329,65.63,1.9513677811550152,Warning,Low,0.10222741433021806,0.5124610591900312
KS,116,510,No,No,0,189.5,90,32.22,189.8,118,16.13,205.8,83,9.26,13.1,2,3.54,1,False,0,0,598.2,293,61.14999999999999,2.041638225255973,Warning,Low,0.10222333667669674,0.4898027415580073
WV,107,415,No,No,0,123.1,100,20.93,158.4,82,13.46,256.1,82,11.52,9.3,5,2.51,0,False,0,0,546.9,269,48.419999999999995,2.033085501858736,Normal,Low,0.08853538123971474,0.49186322910952646
ND,123,408,No,No,0,159.1,94,27.05,241.6,119,20.54,202.4,120,9.11,6.5,1,1.76,1,False,0,0,609.6,334,58.46,1.8251497005988024,Warning,Low,0.09589895013123359,0.5479002624671916
AK,110,408,No,No,0,100.1,90,17.02,233.3,93,19.83,204.4,57,9.2,11.1,8,3.0,3,False,0,0,548.9,248,49.05,2.2133064516129033,Normal,Medium,0.08936053926033886,0.4518127163417745
ME,176,415,No,No,0,223.2,76,37.94,214.4,131,18.22,154.4,80,6.95,10.1,2,2.73,3,False,0,0,602.1,289,65.84,2.083391003460208,Warning,Medium,0.10935060621159276,0.4799867131705697
MN,13,510,No,Yes,21,315.6,105,53.65,208.9,71,17.76,260.1,123,11.7,12.1,3,3.27,3,False,0,1,796.7,302,86.38,2.638079470198676,Critical,Medium,0.10842224174720722,0.3790636375047069
KS,88,415,No,No,0,189.8,111,32.27,197.3,101,16.77,234.5,111,10.55,14.9,3,4.02,2,False,0,0,636.5,326,63.61,1.9524539877300613,Warning,Medium,0.09993715632364493,0.5121759622937941
NJ,92,510,No,Yes,29,155.4,110,26.42,188.5,104,16.02,254.9,118,11.47,8.0,4,2.16,3,False,0,1,606.8,336,56.06999999999999,1.8059523809523808,Warning,Medium,0.0924027686222808,0.5537244561634806
WI,165,510,No,No,0,154.2,91,26.21,268.6,108,22.83,188.8,99,8.5,10.9,4,2.94,6,False,0,0,622.5,302,60.48,2.0612582781456954,Warning,High,0.0971566265060241,0.485140562248996
AR,156,415,No,No,0,178.8,94,30.4,178.4,97,15.16,169.2,77,7.61,7.5,3,2.03,1,False,0,0,533.9000000000001,271,55.2,1.9701107011070114,Normal,Low,0.10339014796778422,0.507585690204158
WA,63,408,No,No,0,149.3,104,25.38,273.6,75,23.26,206.6,72,9.3,9.1,4,2.46,0,False,0,0,638.6,255,60.4,2.504313725490196,Warning,Low,0.09458189790165987,0.39931099279674287
ID,83,415,Yes,Yes,32,94.7,111,16.1,154.4,98,13.12,200.4,109,9.02,10.6,6,2.86,2,False,1,1,460.1,324,41.099999999999994,1.4200617283950618,Normal,Medium,0.08932840686807214,0.7041947402738534
VA,158,415,No,No,0,222.8,101,37.88,203.0,128,17.26,210.6,106,9.48,6.9,2,1.86,2,False,0,0,643.3,337,66.48,1.9089020771513352,Warning,Medium,0.10334214207990053,0.5238613399658014
WV,115,510,Yes,No,0,249.9,95,42.48,242.5,104,20.61,151.7,121,6.83,15.3,6,4.13,1,True,1,0,659.3999999999999,326,74.05,2.022699386503067,Warning,Low,0.11229905975128907,0.49438883833788305
UT,103,510,No,Yes,36,87.2,92,14.82,169.3,110,14.39,166.7,80,7.5,10.9,5,2.94,6,True,0,1,434.09999999999997,287,39.65,1.5125435540069685,Normal,High,0.09133840129002535,0.6611379866390233
NJ,64,415,No,No,0,224.8,111,38.22,190.0,101,16.15,221.4,110,9.96,9.2,2,2.48,1,False,0,0,645.4000000000001,324,66.81,1.9919753086419756,Warning,Low,0.10351719863650448,0.5020142547257515
MS,86,510,No,Yes,39,261.2,122,44.4,214.2,101,18.21,154.9,101,6.97,12.7,5,3.43,2,False,0,1,643.0,329,73.01,1.9544072948328268,Warning,Medium,0.11354587869362365,0.5116640746500778
ME,151,415,No,Yes,26,196.5,98,33.41,175.8,111,14.94,221.8,124,9.98,13.4,5,3.62,0,False,0,1,607.5,338,61.949999999999996,1.797337278106509,Warning,Low,0.1019753086419753,0.5563786008230452
NM,87,510,Yes,No,0,167.3,119,28.44,198.5,119,16.87,133.1,88,5.99,11.0,6,2.97,1,False,1,0,509.9,332,54.27,1.5358433734939758,Normal,Low,0.10643263384977447,0.6511080604040008
TX,90,415,No,No,0,109.6,88,18.63,137.6,108,11.7,159.7,121,7.19,11.0,5,2.97,2,False,0,0,417.9,322,40.489999999999995,1.2978260869565217,Normal,Medium,0.09688920794448432,0.7705192629815746
LA,108,510,No,Yes,30,276.6,99,47.02,220.1,113,18.71,177.9,95,8.01,9.8,6,2.65,2,False,0,1,684.4,313,76.39000000000001,2.186581469648562,Warning,Medium,0.11161601402688488,0.4573348918760959
TN,33,415,No,Yes,35,186.8,124,31.76,261.0,69,22.19,317.8,103,14.3,15.0,5,4.05,0,False,0,1,780.6,301,72.3,2.593355481727575,Critical,Low,0.09262106072252113,0.38560081988214195
WI,149,415,Yes,Yes,28,126.9,97,21.57,166.9,102,14.19,145.2,77,6.53,8.8,3,2.38,5,True,1,1,447.8,279,44.67,1.6050179211469535,Normal,High,0.09975435462259938,0.6230460026797677
MT,106,510,No,No,0,169.4,107,28.8,197.2,71,16.76,202.2,79,9.1,10.7,4,2.89,1,False,0,0,579.5,261,57.550000000000004,2.2203065134099615,Warning,Low,0.09930974978429681,0.45038826574633306
ND,167,408,Yes,No,0,219.1,100,37.25,242.9,90,20.65,168.9,101,7.6,10.1,4,2.73,2,False,1,0,641.0,295,68.23,2.1728813559322036,Warning,Medium,0.1064430577223089,0.46021840873634945
WI,35,510,No,Yes,27,241.7,87,41.09,142.0,101,12.07,288.9,68,13.0,9.4,4,2.54,1,False,0,1,681.9999999999999,260,68.7,2.6230769230769226,Warning,Low,0.10073313782991204,0.38123167155425225
MO,107,415,No,Yes,22,281.1,83,47.79,143.7,130,12.21,239.4,128,10.77,11.2,9,3.02,1,False,0,1,675.4000000000001,350,73.78999999999999,1.929714285714286,Warning,Low,0.10925377554042047,0.5182114302635474
AZ,92,415,Yes,Yes,45,281.1,88,47.79,198.0,103,16.83,94.3,76,4.24,7.5,3,2.03,0,False,1,1,580.9,270,70.89,2.1514814814814813,Warning,Low,0.12203477362713032,0.4647960061972801
VT,38,415,No,No,0,137.8,86,23.43,286.3,76,24.34,167.0,77,7.52,14.1,3,3.81,2,False,0,0,605.2,242,59.099999999999994,2.5008264462809917,Warning,Medium,0.09765366820885656,0.3998678122934567
VA,68,408,Yes,No,0,148.5,126,25.25,219.4,125,18.65,198.5,121,8.93,14.5,7,3.92,1,True,1,0,580.9,379,56.75,1.5327176781002638,Warning,Low,0.0976932346359098,0.6524358753658117
NE,123,510,No,No,0,194.0,118,32.98,242.0,114,20.57,146.3,108,6.58,12.1,4,3.27,1,False,0,0,594.4,344,63.4,1.727906976744186,Warning,Low,0.1066621803499327,0.5787348586810229
WA,75,510,No,Yes,41,130.9,115,22.25,203.4,110,17.29,171.7,68,7.73,12.4,4,3.35,1,False,0,1,518.4,297,50.62,1.7454545454545454,Normal,Low,0.09764660493827161,0.5729166666666667
NM,153,408,No,No,0,185.3,127,31.5,208.0,73,17.68,206.1,124,9.27,15.1,3,4.08,1,False,0,0,614.5,327,62.53,1.879204892966361,Warning,Low,0.10175752644426363,0.532139951179821
FL,143,415,No,No,0,119.1,117,20.25,287.7,136,24.45,223.0,100,10.04,12.2,4,3.29,0,False,0,0,642.0,357,58.03,1.7983193277310925,Warning,Low,0.09038940809968847,0.5560747663551402
SC,87,408,No,No,0,322.5,106,54.83,204.6,93,17.39,186.2,128,8.38,9.4,4,2.54,2,True,0,0,722.6999999999999,331,83.14,2.183383685800604,Critical,Medium,0.1150408191504082,0.4580047045800471
IN,100,510,No,No,0,216.2,107,36.75,215.6,84,18.33,138.4,127,6.23,10.2,3,2.75,0,False,0,0,580.4,321,64.06,1.80809968847352,Warning,Low,0.11037215713301173,0.553066850447967
FL,144,415,No,Yes,51,283.9,98,48.26,192.0,109,16.32,196.3,85,8.83,10.0,4,2.7,1,False,0,1,682.2,296,76.11,2.30472972972973,Warning,Low,0.1115655233069481,0.4338903547346819
ND,70,415,No,Yes,31,125.9,101,21.4,196.4,102,16.69,252.7,75,11.37,10.3,4,2.78,1,False,0,1,585.3,282,52.24,2.0755319148936167,Warning,Low,0.08925337433794636,0.4818042029728345
MA,136,408,Yes,No,0,199.6,89,33.93,211.4,96,17.97,72.4,84,3.26,11.0,4,2.97,3,True,1,0,494.4,273,58.129999999999995,1.810989010989011,Normal,Medium,0.11757686084142395,0.5521844660194175
MO,120,415,No,Yes,24,212.7,73,36.16,257.5,103,21.89,227.8,119,10.25,9.7,13,2.62,2,False,0,1,707.7,308,70.92,2.297727272727273,Critical,Medium,0.10021195421788893,0.43521266073194853
WY,104,408,No,No,0,183.6,133,31.21,120.7,98,10.26,215.1,112,9.68,12.7,2,3.43,1,False,0,0,532.1,345,54.58,1.5423188405797101,Normal,Low,0.10257470400300694,0.6483743657207292
CA,75,510,No,Yes,38,163.6,132,27.81,146.7,113,12.47,345.8,115,15.56,13.1,3,3.54,3,False,0,1,669.1999999999999,363,59.38,1.843526170798898,Warning,Medium,0.08873281530185297,0.5424387328153019
NE,127,510,Yes,No,0,180.9,114,30.75,209.5,118,17.81,249.9,105,11.25,7.4,4,2.0,2,False,1,0,647.6999999999999,341,61.81,1.8994134897360702,Warning,Medium,0.0954299830168288,0.5264783078585765
ID,122,510,No,Yes,33,270.8,96,46.04,220.4,110,18.73,169.9,104,7.65,11.8,8,3.19,4,False,0,1,672.9,318,75.61,2.1160377358490567,Warning,High,0.11236439292614059,0.4725813642443157
VT,124,415,No,No,0,178.4,72,30.33,233.6,134,19.86,179.4,91,8.07,12.0,2,3.24,0,False,0,0,603.4,299,61.5,2.0180602006688964,Warning,Low,0.10192243950944647,0.49552535631421946
MO,167,415,Yes,No,0,244.8,91,41.62,60.8,105,5.17,176.7,110,7.95,10.7,3,2.89,2,False,1,0,493.0,309,57.63,1.5954692556634305,Normal,Medium,0.11689655172413793,0.6267748478701826
VA,89,415,No,Yes,32,209.9,113,35.68,249.8,104,21.23,224.2,92,10.09,8.7,7,2.35,1,False,0,1,692.6000000000001,316,69.35,2.1917721518987348,Warning,Low,0.10012994513427662,0.45625180479353156
VT,73,408,No,No,0,213.0,95,36.21,188.8,104,16.05,136.2,89,6.13,13.5,3,3.65,0,False,0,0,551.5,291,62.040000000000006,1.895189003436426,Warning,Low,0.11249320036264733,0.527651858567543
MS,1,415,No,No,0,144.8,107,24.62,112.5,66,9.56,218.7,79,9.84,13.8,3,3.73,1,False,0,0,489.8,255,47.74999999999999,1.9207843137254903,Normal,Low,0.09748877092690893,0.5206206614944875
KY,60,408,No,No,0,135.4,134,23.02,205.9,85,17.5,204.0,103,9.18,7.9,4,2.13,1,False,0,0,553.1999999999999,326,51.83,1.696932515337423,Warning,Low,0.09369125090383226,0.589298626174982
WV,77,510,No,No,0,67.7,68,11.51,195.7,86,16.63,236.5,137,10.64,12.0,2,3.24,1,False,0,0,511.9,293,42.02,1.7470989761092148,Normal,Low,0.08208634498925572,0.5723774174643486
DC,76,415,No,No,0,224.4,121,38.15,147.9,97,12.57,183.8,74,8.27,6.7,2,1.81,2,False,0,0,562.8000000000001,294,60.8,1.9142857142857146,Warning,Medium,0.10803127221037667,0.5223880597014925
IA,63,510,No,No,0,153.5,81,26.1,287.3,115,24.42,230.2,85,10.36,6.5,5,1.76,2,False,0,0,677.5,286,62.64,2.3688811188811187,Warning,Medium,0.09245756457564576,0.422140221402214
MN,150,415,No,Yes,28,174.4,75,29.65,169.9,80,14.44,201.6,130,9.07,11.0,4,2.97,1,False,0,1,556.9,289,56.129999999999995,1.9269896193771625,Warning,Low,0.10079008798707129,0.5189441551445502
VT,101,415,No,No,0,153.8,89,26.15,234.0,89,19.89,196.3,77,8.83,11.6,2,3.13,4,False,0,0,595.7,257,58.0,2.317898832684825,Warning,High,0.09736444519053214,0.43142521403390965
AK,132,415,No,Yes,39,175.7,93,29.87,187.2,94,15.91,225.5,118,10.15,8.6,3,2.32,2,False,0,1,597.0,308,58.25,1.9383116883116882,Warning,Medium,0.09757118927973199,0.5159128978224455
CA,158,510,No,No,0,155.9,123,26.5,224.2,112,19.06,221.0,116,9.95,8.6,8,2.32,2,False,0,0,609.7,359,57.830000000000005,1.6983286908077995,Warning,Medium,0.09484992619320978,0.5888141709037231
MS,114,415,No,Yes,34,154.4,109,26.25,221.4,142,18.82,208.5,103,9.38,10.3,5,2.78,0,False,0,1,594.5999999999999,359,57.230000000000004,1.656267409470752,Warning,Low,0.09624957954927685,0.6037672384796503
AR,77,415,No,Yes,23,209.7,73,35.65,183.6,63,15.61,205.5,111,9.25,7.1,3,1.92,2,False,0,1,605.9,250,62.43,2.4236,Warning,Medium,0.10303680475325962,0.412609341475491
NJ,107,415,No,No,0,212.1,95,36.06,150.1,88,12.76,219.8,111,9.89,7.7,2,2.08,3,False,0,0,589.7,296,60.79,1.9922297297297298,Warning,Medium,0.10308631507546209,0.5019501441410886
NJ,48,510,No,Yes,22,152.0,63,25.84,258.8,131,22.0,263.2,109,11.84,15.7,5,4.24,2,True,0,1,689.7,308,63.92000000000001,2.2392857142857143,Warning,Medium,0.09267797593156446,0.44657097288676234
TN,59,415,No,No,0,160.9,95,27.35,251.2,65,21.35,273.4,97,12.3,5.0,5,1.35,3,False,0,0,690.5,262,62.35,2.635496183206107,Warning,Medium,0.09029688631426502,0.37943519188993485
DE,129,510,No,No,0,334.3,118,56.83,192.1,104,16.33,191.0,83,8.59,10.4,6,2.81,0,True,0,0,727.8,311,84.56,2.340192926045016,Critical,Low,0.11618576532014291,0.4273151964825502
TX,50,510,No,No,0,188.9,94,32.11,203.9,104,17.33,151.8,124,6.83,11.6,8,3.13,3,False,0,0,556.2,330,59.4,1.6854545454545455,Warning,Medium,0.10679611650485436,0.593311758360302
MI,50,415,No,Yes,35,192.6,97,32.74,135.2,101,11.49,216.2,101,9.73,7.9,2,2.13,2,False,0,1,551.9,301,56.09000000000001,1.8335548172757474,Warning,Medium,0.10163073020474726,0.5453886573654648
MS,116,415,No,No,0,217.3,91,36.94,216.1,95,18.37,148.1,76,6.66,11.3,3,3.05,2,False,0,0,592.8,265,65.02,2.2369811320754716,Warning,Medium,0.10968286099865047,0.4470310391363023
OK,52,510,No,Yes,38,169.3,88,28.78,225.9,97,19.2,172.0,86,7.74,8.2,3,2.21,0,False,0,1,575.4000000000001,274,57.93000000000001,2.1000000000000005,Warning,Low,0.10067778936392074,0.4761904761904761
ND,12,510,Yes,No,0,216.7,117,36.84,116.5,126,9.9,220.0,110,9.9,9.8,4,2.65,2,False,1,0,563.0,357,59.29,1.57703081232493,Warning,Medium,0.10531083481349911,0.6341030195381883
ND,105,510,No,No,0,246.4,83,41.89,256.2,101,21.78,169.0,151,7.61,3.8,4,1.03,0,False,0,0,675.4,339,72.31,1.992330383480826,Warning,Low,0.10706248149244893,0.5019247853124075
NY,104,415,No,No,0,156.2,93,26.55,193.0,54,16.41,222.7,94,10.02,13.1,5,3.54,1,False,0,0,585.0,246,56.52,2.3780487804878048,Warning,Low,0.09661538461538462,0.4205128205128205
WV,13,415,No,No,0,146.4,74,24.89,148.5,92,12.62,216.7,96,9.75,11.3,3,3.05,1,False,0,0,522.9,265,50.309999999999995,1.9732075471698112,Normal,Low,0.09621342512908777,0.5067890610059285
WV,67,408,No,No,0,167.8,91,28.53,167.7,69,14.25,110.3,71,4.96,8.4,12,2.27,1,False,0,0,454.2,243,50.010000000000005,1.8691358024691358,Normal,Low,0.11010568031704096,0.5350066050198151
DC,148,415,No,Yes,11,252.9,129,42.99,284.3,88,24.17,262.8,99,11.83,12.3,1,3.32,1,False,0,1,812.3,317,82.30999999999999,2.5624605678233436,Critical,Low,0.10132955804505724,0.39024990766958023
MN,116,510,No,No,0,201.8,82,34.31,231.5,95,19.68,226.1,130,10.17,16.5,5,4.46,0,False,0,0,675.9,312,68.61999999999999,2.166346153846154,Warning,Low,0.10152389406716969,0.46160674656014206
DE,131,408,No,No,0,94.4,80,16.05,215.1,101,18.28,179.7,108,8.09,13.1,9,3.54,2,False,0,0,502.3,298,45.96,1.6855704697986578,Normal,Medium,0.0914991041210432,0.5932709536133784
VT,119,510,No,No,0,190.4,74,32.37,215.6,113,18.33,161.2,111,7.25,10.0,1,2.7,2,False,0,0,577.2,299,60.65,1.9304347826086958,Warning,Medium,0.10507623007623007,0.518018018018018
NY,94,510,Yes,No,0,243.2,109,41.34,147.0,88,12.5,94.9,99,4.27,7.2,4,1.94,4,False,1,0,492.3,300,60.05,1.641,Normal,High,0.12197846841356895,0.6093845216331505
TX,217,408,No,No,0,176.4,115,29.99,158.8,128,13.5,306.6,107,13.8,9.3,3,2.51,4,False,0,0,651.1,353,59.79999999999999,1.8444759206798869,Warning,High,0.09184457072646289,0.5421594225157426
OR,161,415,No,No,0,178.1,109,30.28,146.5,86,12.45,137.6,78,6.19,8.5,2,2.3,1,False,0,0,470.70000000000005,275,51.22,1.7116363636363638,Normal,Low,0.1088166560441895,0.5842362438920756
KS,67,408,No,No,0,201.4,101,34.24,97.6,122,8.3,202.5,119,9.11,7.0,3,1.89,0,False,0,0,508.5,345,53.540000000000006,1.4739130434782608,Normal,Low,0.10529006882989185,0.6784660766961652
ND,132,415,No,Yes,31,174.5,101,29.67,245.6,105,20.88,172.8,76,7.78,10.3,9,2.78,1,False,0,1,603.2,291,61.11,2.072852233676976,Warning,Low,0.10130968169761273,0.4824270557029177
PA,134,408,No,No,0,205.3,122,34.9,240.5,155,20.44,179.1,107,8.06,5.0,9,1.35,1,False,0,0,629.9,393,64.75,1.602798982188295,Warning,Low,0.10279409430068265,0.6239085569137959
NY,44,510,No,No,0,143.2,77,24.34,169.8,114,14.43,215.8,77,9.71,7.6,4,2.05,1,False,0,0,536.4,272,50.529999999999994,1.9720588235294116,Normal,Low,0.09420208799403429,0.5070842654735273
WY,53,415,No,Yes,27,25.9,119,4.4,206.5,96,17.55,228.1,64,10.26,6.5,7,1.76,1,False,0,1,467.0,286,33.97,1.632867132867133,Normal,Low,0.07274089935760171,0.6124197002141327
NY,108,415,No,No,0,154.2,123,26.21,112.3,86,9.55,246.4,75,11.09,15.4,4,4.16,4,True,0,0,528.3,288,51.010000000000005,1.8343749999999999,Normal,High,0.09655498769638465,0.5451448040885861
ME,80,408,No,No,0,322.3,113,54.79,222.0,95,18.87,162.8,123,7.33,6.7,8,1.81,0,True,0,0,713.8,339,82.8,2.1056047197640115,Critical,Low,0.11599887923788177,0.474922947604371
SD,88,415,No,No,0,215.6,115,36.65,216.2,85,18.38,171.3,65,7.71,11.8,1,3.19,3,False,0,0,614.8999999999999,266,65.93,2.3116541353383453,Warning,Medium,0.10722068629045377,0.4325906651488048
UT,82,510,Yes,No,0,208.8,101,35.5,213.7,87,18.16,175.1,86,7.88,12.4,6,3.35,3,False,1,0,610.0,280,64.89,2.1785714285714284,Warning,Medium,0.10637704918032787,0.45901639344262296
AK,115,415,No,No,0,245.2,105,41.68,159.0,109,13.52,229.9,74,10.35,7.2,8,1.94,0,False,0,0,641.3000000000001,296,67.49,2.166554054054054,Warning,Low,0.10523935755496645,0.46156245127085604
RI,93,415,No,No,0,98.4,78,16.73,249.6,129,21.22,248.2,114,11.17,14.2,4,3.83,1,False,0,0,610.4000000000001,325,52.95,1.8781538461538465,Warning,Low,0.08674639580602883,0.532437745740498
AL,72,415,No,No,0,217.8,93,37.03,189.7,113,16.12,182.6,91,8.22,10.4,5,2.81,4,False,0,0,600.5,302,64.18,1.9884105960264902,Warning,High,0.10687760199833474,0.5029142381348876
DE,98,415,No,Yes,29,179.9,97,30.58,189.2,89,16.08,164.3,76,7.39,12.8,7,3.46,3,False,0,1,546.2,269,57.51,2.030483271375465,Normal,Medium,0.1052911021603808,0.4924935920908092
ID,118,415,No,No,0,140.4,112,23.87,187.1,60,15.9,207.9,155,9.36,7.9,1,2.13,0,False,0,0,543.3,328,51.260000000000005,1.65640243902439,Normal,Low,0.09434934658568012,0.6037180195103995
MO,55,510,No,No,0,189.0,100,32.13,118.5,99,10.07,248.1,87,11.16,17.1,6,4.62,0,False,0,0,572.7,292,57.98,1.961301369863014,Warning,Low,0.10123974157499561,0.5098655491531342
IL,130,415,No,No,0,155.9,95,26.5,256.1,97,21.77,262.9,103,11.83,11.7,3,3.16,3,False,0,0,686.6,298,63.25999999999999,2.304026845637584,Warning,Medium,0.092135158753277,0.43402272065249053
FL,136,408,Yes,No,0,199.2,122,33.86,214.7,114,18.25,150.9,105,6.79,11.8,7,3.19,1,False,1,0,576.5999999999999,348,62.089999999999996,1.6568965517241376,Warning,Low,0.10768296912937914,0.603537981269511
KY,107,415,No,No,0,157.1,79,26.71,162.6,124,13.82,150.0,138,6.75,12.1,6,3.27,1,False,0,0,481.8,347,50.550000000000004,1.388472622478386,Normal,Low,0.10491905354919054,0.7202158572021585
MI,91,415,No,No,0,154.4,165,26.25,168.3,121,14.31,239.9,81,10.8,11.7,4,3.16,5,True,0,0,574.3000000000001,371,54.519999999999996,1.547978436657682,Warning,High,0.09493296186662022,0.6460038307504787
NY,167,415,No,No,0,166.4,85,28.29,243.2,135,20.67,229.2,95,10.31,9.9,5,2.67,1,False,0,0,648.6999999999999,320,61.940000000000005,2.0271874999999997,Warning,Low,0.09548327424078928,0.4932942808694312
KS,159,415,No,Yes,19,184.1,78,31.3,194.5,71,16.53,225.6,101,10.15,16.9,3,4.56,0,False,0,1,621.1,253,62.54,2.454940711462451,Warning,Low,0.10069232007728224,0.40734181291257443
PA,122,415,No,No,0,35.1,62,5.97,180.8,89,15.37,251.6,58,11.32,12.7,2,3.43,1,False,0,0,480.2,211,36.089999999999996,2.275829383886256,Normal,Low,0.07515618492294876,0.4394002498958767
MI,105,415,No,Yes,29,179.4,113,30.5,275.4,100,23.41,246.1,105,11.07,10.0,5,2.7,0,False,0,1,710.9,323,67.67999999999999,2.2009287925696595,Critical,Low,0.09520326346884231,0.45435363623575753
NH,155,408,No,No,0,216.7,30,36.84,144.3,125,12.27,135.3,106,6.09,10.8,1,2.92,2,False,0,0,507.1,262,58.120000000000005,1.935496183206107,Normal,Medium,0.11461250246499705,0.516663380003944
WA,161,415,No,No,0,151.6,117,25.77,219.4,87,18.65,224.7,68,10.11,4.0,5,1.08,1,False,0,0,599.7,277,55.61,2.164981949458484,Warning,Low,0.09272969818242453,0.46189761547440383
NY,122,415,No,No,0,173.6,110,29.51,91.7,84,7.79,211.7,103,9.53,9.7,7,2.62,3,False,0,0,486.7,304,49.45,1.600986842105263,Normal,Medium,0.10160262995685228,0.6246147524142183
MD,37,415,Yes,No,0,106.6,76,18.12,147.4,89,12.53,235.8,113,10.61,9.6,8,2.59,2,False,1,0,499.40000000000003,286,43.849999999999994,1.7461538461538462,Normal,Medium,0.08780536643972765,0.5726872246696035
KS,128,415,No,No,0,103.3,122,17.56,245.9,123,20.9,161.1,95,7.25,6.4,7,1.73,0,False,0,0,516.6999999999999,347,47.43999999999999,1.4890489913544667,Normal,Low,0.09181343139152312,0.6715695761563771
DE,89,510,Yes,No,0,125.6,108,21.35,213.0,90,18.11,181.7,108,8.18,5.4,5,1.46,1,False,1,0,525.6999999999999,311,49.1,1.690353697749196,Normal,Low,0.09339927715427052,0.5915921628305117
IN,108,415,No,No,0,199.3,104,33.88,224.2,92,19.06,140.1,57,6.3,15.2,2,4.1,0,False,0,0,578.8000000000001,255,63.339999999999996,2.2698039215686276,Warning,Low,0.10943331029716653,0.4405666897028334
VT,109,408,No,No,0,222.2,113,37.77,218.5,122,18.57,266.0,88,11.97,10.9,5,2.94,1,False,0,0,717.6,328,71.25,2.1878048780487807,Critical,Low,0.09928929765886288,0.45707915273132665
WA,29,415,No,No,0,157.4,122,26.76,145.0,75,12.33,281.8,92,12.68,9.3,2,2.51,1,False,0,0,593.5,291,54.28,2.0395189003436425,Warning,Low,0.09145745577085089,0.4903117101937658
NM,119,415,Yes,Yes,15,160.0,95,27.2,209.5,110,17.81,82.3,107,3.7,8.7,5,2.35,5,True,1,1,460.5,317,51.06,1.4526813880126184,Normal,High,0.11087947882736157,0.6883821932681867
MO,86,415,No,No,0,83.5,96,14.2,221.1,63,18.79,349.7,75,15.74,12.6,3,3.4,0,False,0,0,666.9,237,52.129999999999995,2.8139240506329113,Warning,Low,0.07816764132553605,0.3553756185335133
IA,92,510,No,Yes,25,134.0,112,22.78,206.0,111,17.51,180.6,118,8.13,9.7,4,2.62,0,False,0,1,530.3000000000001,345,51.040000000000006,1.5371014492753625,Normal,Low,0.09624740712804074,0.6505751461436922
WA,13,510,No,Yes,25,176.6,65,30.02,172.7,96,14.68,104.5,128,4.7,11.3,5,3.05,2,False,0,1,465.09999999999997,294,52.45,1.581972789115646,Normal,Medium,0.11277144700064504,0.6321221242743497
CT,144,510,Yes,Yes,35,174.8,127,29.72,219.6,93,18.67,255.8,90,11.51,12.8,3,3.46,0,False,1,1,663.0,313,63.36,2.1182108626198084,Warning,Low,0.0955656108597285,0.4720965309200603
NH,139,510,No,No,0,221.3,140,37.62,157.8,89,13.41,192.5,89,8.66,11.3,6,3.05,1,False,0,0,582.9,324,62.739999999999995,1.799074074074074,Warning,Low,0.10763424258020243,0.5558414822439527
LA,95,415,No,No,0,141.1,84,23.99,211.4,108,17.97,103.7,127,4.67,5.9,6,1.59,3,False,0,0,462.09999999999997,325,48.22,1.4218461538461538,Normal,Medium,0.10434970785544255,0.7033109716511579
ME,80,408,No,Yes,31,166.4,92,28.29,238.3,74,20.26,150.7,84,6.78,10.7,4,2.89,4,False,0,1,566.1000000000001,254,58.22,2.2287401574803156,Warning,High,0.10284402049107928,0.4486839780957427
MT,113,415,No,No,0,215.9,93,36.7,240.1,85,20.41,156.7,123,7.05,4.9,5,1.32,3,False,0,0,617.6,306,65.47999999999999,2.018300653594771,Warning,Medium,0.10602331606217615,0.4954663212435233
ID,88,415,No,Yes,31,181.6,91,30.87,213.2,120,18.12,207.8,104,9.35,11.4,4,3.08,1,False,0,1,613.9999999999999,319,61.42,1.9247648902821313,Warning,Low,0.1000325732899023,0.5195439739413682
UT,74,415,No,No,0,106.4,84,18.09,140.2,104,11.92,90.9,81,4.09,11.4,3,3.08,1,False,0,0,348.9,272,37.17999999999999,1.2827205882352941,Normal,Low,0.10656348523932357,0.7795930065921468
IL,48,510,No,No,0,128.2,71,21.79,48.1,78,4.09,116.3,80,5.23,8.9,3,2.4,0,False,0,0,301.49999999999994,232,33.51,1.299568965517241,Normal,Low,0.11114427860696519,0.7694859038142622
AZ,163,510,No,No,0,178.7,56,30.38,215.7,79,18.33,152.7,84,6.87,10.6,2,2.86,4,False,0,0,557.6999999999999,221,58.43999999999999,2.5235294117647054,Warning,High,0.10478752017213555,0.39627039627039634
ID,56,510,No,No,0,150.9,79,25.65,161.8,87,13.75,167.7,115,7.55,11.7,5,3.16,3,False,0,0,492.1,286,50.11,1.7206293706293707,Normal,Medium,0.10182889656573867,0.5811826864458444
TX,64,415,No,No,0,168.0,116,28.56,192.4,94,16.35,166.5,98,7.49,10.1,3,2.73,2,False,0,0,537.0,311,55.129999999999995,1.7266881028938907,Normal,Medium,0.10266294227188082,0.5791433891992551
MT,116,415,No,Yes,35,182.8,122,31.08,212.7,119,18.08,193.8,103,8.72,11.0,2,2.97,1,False,0,1,600.3,346,60.849999999999994,1.734971098265896,Warning,Low,0.10136598367482925,0.5763784774279528
PA,101,415,Yes,No,0,193.7,108,32.93,186.6,98,15.86,223.0,100,10.04,11.6,8,3.13,0,False,1,0,614.9,314,61.96,1.95828025477707,Warning,Low,0.10076435192714263,0.5106521385591153
RI,85,415,Yes,No,0,197.2,97,33.52,211.7,115,17.99,210.1,133,9.45,8.3,4,2.24,4,False,1,0,627.3,349,63.20000000000001,1.7974212034383952,Warning,High,0.10074924278654554,0.5563526223497529
NH,90,415,No,No,0,76.1,121,12.94,290.3,73,24.68,236.9,89,10.66,10.8,3,2.92,0,False,0,0,614.0999999999999,286,51.2,2.1472027972027967,Warning,Low,0.08337404331542096,0.4657221950822342
UT,73,415,No,No,0,182.3,115,30.99,199.2,97,16.93,120.2,113,5.41,18.0,5,4.86,1,False,0,0,519.7,330,58.19,1.574848484848485,Normal,Low,0.11196844333269193,0.6349817202232056
NH,55,408,No,Yes,20,189.3,95,32.18,118.6,113,10.08,250.2,102,11.26,12.5,4,3.38,2,False,0,1,570.5999999999999,314,56.9,1.817197452229299,Warning,Medium,0.09971959341044516,0.5502979320014021
AK,76,415,No,Yes,22,160.1,107,27.22,168.7,136,14.34,23.2,102,1.04,9.5,4,2.57,3,False,0,1,361.49999999999994,349,45.17,1.0358166189111746,Normal,Medium,0.12495159059474414,0.9654218533886585
AZ,157,415,No,No,0,220.7,105,37.52,119.3,127,10.14,165.1,113,7.43,11.5,7,3.11,4,False,0,0,516.6,352,58.2,1.4676136363636365,Normal,High,0.11265969802555169,0.681378242353852
NJ,131,415,No,No,0,211.8,115,36.01,260.5,102,22.14,144.2,96,6.49,10.8,7,2.92,0,False,0,0,627.3,320,67.56,1.9603125,Warning,Low,0.10769966523194645,0.5101227482863064
MI,51,415,No,No,0,229.7,129,39.05,336.0,104,28.56,192.8,128,8.68,9.6,1,2.59,1,True,0,0,768.1,362,78.88,2.1218232044198895,Critical,Low,0.1026949615935425,0.4712928004166124
ID,166,415,No,No,0,220.7,106,37.52,177.8,118,15.11,206.1,102,9.27,12.4,9,3.35,1,False,0,0,617.0,335,65.25,1.8417910447761194,Warning,Low,0.10575364667747164,0.5429497568881686
OR,66,408,No,No,0,87.6,76,14.89,262.0,111,22.27,184.6,125,8.31,9.2,5,2.48,1,False,0,0,543.4000000000001,317,47.949999999999996,1.7141955835962148,Normal,Low,0.08824070666175927,0.5833640044166359
UT,49,415,No,No,0,266.3,90,45.27,207.8,117,17.66,205.0,98,9.23,14.0,2,3.78,2,True,0,0,693.1,307,75.94000000000001,2.257654723127036,Warning,Medium,0.10956571923243401,0.4429375270523734
LA,89,415,No,No,0,141.1,92,23.99,249.1,126,21.17,136.0,73,6.12,10.8,2,2.92,2,False,0,0,537.0,293,54.199999999999996,1.8327645051194539,Normal,Medium,0.10093109869646182,0.5456238361266295
WI,90,415,No,No,0,200.9,92,34.15,164.3,91,13.97,249.0,98,11.21,8.9,7,2.4,1,False,0,0,623.1,288,61.73,2.1635416666666667,Warning,Low,0.09906917027764403,0.46220510351468463
ID,193,415,No,No,0,96.8,92,16.46,142.6,103,12.12,210.1,115,9.45,10.9,5,2.94,2,True,0,0,460.4,315,40.97,1.4615873015873015,Normal,Medium,0.08898783666377064,0.6841876629018245
TN,114,510,No,No,0,172.0,145,29.24,276.4,101,23.49,193.7,100,8.72,10.1,9,2.73,1,False,0,0,652.1999999999999,355,64.17999999999999,1.8371830985915492,Warning,Low,0.09840539711744864,0.5443115608708986
NV,7,408,No,Yes,30,221.4,114,37.64,165.8,116,14.09,247.0,105,11.12,10.8,12,2.92,1,False,0,1,645.0,347,65.77,1.8587896253602305,Warning,Low,0.10196899224806201,0.537984496124031
WY,71,415,No,No,0,243.7,124,41.43,60.0,90,5.1,189.0,129,8.5,11.3,2,3.05,0,False,0,0,504.0,345,58.08,1.4608695652173913,Normal,Low,0.11523809523809524,0.6845238095238095
IL,31,415,No,Yes,28,210.5,101,35.79,250.5,86,21.29,241.6,125,10.87,11.5,2,3.11,1,False,0,1,714.1,314,71.06,2.274203821656051,Critical,Low,0.09950987256686739,0.4397143257246884
MA,111,415,No,No,0,284.4,89,48.35,157.0,113,13.35,242.8,91,10.93,8.4,8,2.27,0,True,0,0,692.6,301,74.89999999999999,2.300996677740864,Warning,Low,0.10814322841466935,0.4345942824140918
AZ,97,408,No,No,0,169.7,84,28.85,165.9,86,14.1,191.9,83,8.64,12.8,6,3.46,3,False,0,0,540.3,259,55.050000000000004,2.086100386100386,Normal,Medium,0.10188784008883955,0.4793633166759208
ND,51,510,No,No,0,227.2,89,38.62,194.4,106,16.52,243.4,126,10.95,14.9,2,4.02,0,False,0,0,679.9,323,70.11,2.104953560371517,Warning,Low,0.10311810560376526,0.47506986321517874
SD,86,415,No,No,0,223.9,75,38.06,155.7,109,13.23,150.2,143,6.76,7.3,9,1.97,1,False,0,0,537.0999999999999,336,60.02,1.5985119047619045,Normal,Low,0.11174827778812142,0.6255818283373674
ND,190,415,No,No,0,169.4,102,28.8,253.5,113,21.55,197.1,93,8.87,8.9,5,2.4,1,False,0,0,628.9,313,61.62,2.0092651757188498,Warning,Low,0.09798060104945142,0.49769438702496427
CT,80,408,No,No,0,118.1,90,20.08,144.3,77,12.27,225.1,86,10.13,8.2,6,2.21,1,False,0,0,495.7,259,44.69,1.9138996138996138,Normal,Low,0.09015533588864232,0.5224934436150898
MO,36,415,No,No,0,202.4,115,34.41,230.7,115,19.61,202.0,127,9.09,10.2,2,2.75,3,False,0,0,645.3000000000001,359,65.86,1.7974930362116994,Warning,Medium,0.10206105687277234,0.5563303889663722
NJ,45,510,No,No,0,155.7,110,26.47,260.3,103,22.13,192.2,98,8.65,11.0,1,2.97,1,False,0,0,619.2,312,60.21999999999999,1.9846153846153847,Warning,Low,0.09725452196382427,0.5038759689922481
NC,170,415,No,No,0,246.4,107,41.89,228.1,124,19.39,166.4,95,7.49,9.1,8,2.46,0,False,0,0,650.0,334,71.22999999999999,1.9461077844311376,Warning,Low,0.10958461538461536,0.5138461538461538
UT,103,415,No,No,0,189.8,110,32.27,115.5,83,9.82,191.3,103,8.61,12.2,4,3.29,0,False,0,0,508.8,300,53.99,1.696,Normal,Low,0.1061124213836478,0.589622641509434
WI,112,408,No,No,0,167.8,88,28.53,247.9,81,21.07,155.1,108,6.98,11.9,4,3.21,0,False,0,0,582.7,281,59.79,2.0736654804270462,Warning,Low,0.1026085464218294,0.4822378582460957
MT,125,510,No,No,0,143.2,80,24.34,88.1,94,7.49,233.2,135,10.49,8.8,7,2.38,4,True,0,0,473.3,316,44.7,1.4977848101265823,Normal,High,0.09444327065286288,0.6676526515951827
MS,73,415,No,Yes,31,82.3,105,13.99,256.1,91,21.77,229.6,98,10.33,11.8,2,3.19,6,True,0,1,579.8,296,49.279999999999994,1.9587837837837836,Warning,High,0.08499482580200068,0.510520869265264
NM,232,408,No,No,0,165.6,104,28.15,195.9,115,16.65,118.3,77,5.32,11.8,3,3.19,1,False,0,0,491.6,299,53.309999999999995,1.6441471571906354,Normal,Low,0.10844182262001625,0.6082180634662326
SD,95,408,No,Yes,20,165.7,78,28.17,215.6,94,18.33,243.3,91,10.95,9.8,6,2.65,0,False,0,1,634.3999999999999,269,60.1,2.3583643122676574,Warning,Low,0.09473518284993697,0.4240226986128626
VA,182,415,No,No,0,176.1,90,29.94,174.9,106,14.87,234.7,134,10.56,9.7,4,2.62,1,False,0,0,595.4000000000001,334,57.99,1.7826347305389225,Warning,Low,0.09739670809539804,0.5609674168626133
NM,55,510,No,No,0,119.7,148,20.35,231.8,96,19.7,222.3,113,10.0,4.6,2,1.24,2,False,0,0,578.4,359,51.29,1.611142061281337,Warning,Medium,0.08867565698478562,0.6206777316735823
VA,86,415,No,Yes,30,99.9,84,16.98,263.5,125,22.4,254.7,90,11.46,9.8,7,2.65,2,False,0,1,627.8999999999999,306,53.489999999999995,2.051960784313725,Warning,Medium,0.08518872431915911,0.4873387482083135
NJ,127,510,No,No,0,239.8,107,40.77,128.9,121,10.96,249.9,110,11.25,11.3,5,3.05,1,False,0,0,629.9,343,66.03,1.8364431486880466,Warning,Low,0.1048261628829973,0.5445308779171297
TN,63,415,No,No,0,164.5,75,27.97,147.9,118,12.57,252.7,97,11.37,11.2,2,3.02,0,False,0,0,576.3,292,54.93,1.9736301369863012,Warning,Low,0.09531494013534618,0.5066805483255249
MI,79,510,No,No,0,220.9,107,37.55,192.2,97,16.34,161.0,74,7.25,12.2,2,3.29,1,False,0,0,586.3000000000001,280,64.43,2.0939285714285716,Warning,Low,0.10989254647791233,0.4775712092785263
LA,111,415,No,Yes,28,128.8,104,21.9,157.3,52,13.37,147.4,76,6.63,10.3,2,2.78,2,False,0,1,443.8,234,44.68,1.8965811965811967,Normal,Medium,0.1006759801712483,0.5272645335736819
NH,121,510,No,Yes,35,193.8,62,32.95,197.6,97,16.8,218.8,95,9.85,5.9,4,1.59,0,False,0,1,616.1,258,61.190000000000005,2.387984496124031,Warning,Low,0.0993182924849862,0.41876318779418925
RI,112,415,No,No,0,168.6,102,28.66,298.0,117,25.33,194.7,110,8.76,9.8,5,2.65,1,False,0,0,671.0999999999999,334,65.39999999999999,2.009281437125748,Warning,Low,0.09745194456861869,0.4976903591119059
LA,81,415,No,Yes,36,115.9,120,19.7,236.6,95,20.11,255.0,90,11.48,11.7,6,3.16,3,False,0,1,619.2,311,54.45,1.9909967845659164,Warning,Medium,0.08793604651162791,0.5022609819121446
AZ,72,510,No,No,0,272.4,88,46.31,107.9,125,9.17,185.5,81,8.35,12.7,2,3.43,0,False,0,0,578.5,296,67.26,1.9543918918918919,Warning,Low,0.11626620570440796,0.5116681071737251
SC,64,510,No,Yes,40,210.0,116,35.7,232.7,89,19.78,168.8,94,7.6,5.9,4,1.59,8,False,0,1,617.4,303,64.67,2.0376237623762377,Warning,High,0.1047457078069323,0.49076773566569487
MD,163,408,No,No,0,223.0,120,37.91,227.0,98,19.3,188.3,125,8.47,8.8,5,2.38,1,False,0,0,647.0999999999999,348,68.05999999999999,1.8594827586206895,Warning,Low,0.10517694328542729,0.5377839592025963
WA,104,415,No,No,0,139.7,78,23.75,202.6,119,17.22,203.6,102,9.16,11.3,5,3.05,2,False,0,0,557.1999999999999,304,53.17999999999999,1.8328947368421051,Warning,Medium,0.09544149318018665,0.5455850681981336
CA,93,510,No,Yes,19,136.8,113,23.26,179.5,105,15.26,71.1,95,3.2,12.5,3,3.38,2,False,0,1,399.9,316,45.10000000000001,1.265506329113924,Normal,Medium,0.11277819454863719,0.7901975493873469
NJ,197,510,No,No,0,154.8,111,26.32,171.5,102,14.58,227.3,86,10.23,10.6,2,2.86,3,False,0,0,564.2,301,53.989999999999995,1.8744186046511628,Warning,Medium,0.09569301666075858,0.5334987593052108
AR,57,510,No,No,0,192.8,68,32.78,158.0,86,13.43,235.5,105,10.6,12.7,6,3.43,1,False,0,0,599.0,265,60.24,2.260377358490566,Warning,Low,0.10056761268781303,0.44240400667779634
CT,107,408,No,No,0,103.4,94,17.58,189.3,125,16.09,227.2,125,10.22,14.4,3,3.89,1,False,0,0,534.3000000000001,347,47.78,1.539769452449568,Normal,Low,0.08942541643271569,0.6494478757252479
SD,75,408,No,No,0,147.5,110,25.08,191.7,97,16.29,135.0,68,6.08,16.4,3,4.43,2,False,0,0,490.59999999999997,278,51.879999999999995,1.7647482014388487,Normal,Medium,0.10574806359559723,0.5666530778638402
FL,106,408,No,No,0,178.4,143,30.33,247.0,123,21.0,259.9,105,11.7,9.6,2,2.59,0,False,0,0,694.9,373,65.62,1.8630026809651474,Warning,Low,0.09443085336019572,0.5367678802705426
MS,70,408,No,No,0,148.4,110,25.23,267.1,90,22.7,151.5,101,6.82,8.9,4,2.4,0,False,0,0,575.9,305,57.15,1.8881967213114754,Warning,Low,0.09923597846848412,0.5296058343462406
MA,80,408,No,No,0,148.6,106,25.26,210.8,65,17.92,203.7,86,9.17,10.0,2,2.7,2,False,0,0,573.0999999999999,259,55.05000000000001,2.2127413127413122,Warning,Medium,0.09605653463618918,0.45192811027743857
VT,137,510,No,No,0,97.5,95,16.58,195.8,82,16.64,288.8,78,13.0,0.0,0,0.0,1,False,0,0,582.1,255,46.22,2.2827450980392157,Warning,Low,0.07940216457653324,0.4380690602989177
IL,90,415,No,Yes,29,185.6,106,31.55,219.7,113,18.67,152.1,120,6.84,11.1,5,3.0,2,False,0,1,568.5,344,60.06,1.6526162790697674,Warning,Medium,0.10564643799472295,0.6051011433597185
CT,30,408,No,No,0,137.6,108,23.39,162.0,80,13.77,187.7,126,8.45,5.8,10,1.57,3,False,0,0,493.1,324,47.18,1.5219135802469137,Normal,Medium,0.09568038937335226,0.6570675319407828
KS,105,415,Yes,No,0,273.9,119,46.56,278.6,103,23.68,255.3,90,11.49,10.9,7,2.94,1,True,1,0,818.6999999999999,319,84.67,2.5664576802507835,Critical,Low,0.10342005618663737,0.3896421155490412
MA,102,415,No,Yes,31,125.3,92,21.3,141.2,108,12.0,168.2,68,7.57,6.3,2,1.7,3,False,0,1,441.0,270,42.57,1.6333333333333333,Normal,Medium,0.09653061224489796,0.6122448979591837
NJ,83,415,No,No,0,178.8,102,30.4,167.9,84,14.27,178.9,65,8.05,8.6,4,2.32,3,False,0,0,534.2,255,55.04,2.094901960784314,Normal,Medium,0.10303257207038562,0.47734930737551473
AR,63,510,No,Yes,49,214.9,86,36.53,198.2,89,16.85,170.8,139,7.69,8.2,5,2.21,0,False,0,1,592.1000000000001,319,63.28,1.8561128526645772,Warning,Low,0.10687383887856779,0.5387603445363958
MS,155,408,No,No,0,163.0,93,27.71,203.9,102,17.33,159.0,109,7.15,15.1,4,4.08,2,False,0,0,541.0,308,56.269999999999996,1.7564935064935066,Normal,Medium,0.10401109057301293,0.5693160813308688
ME,105,408,No,No,0,115.5,73,19.64,267.3,83,22.72,114.2,90,5.14,13.3,5,3.59,3,False,0,0,510.3,251,51.09,2.0330677290836654,Normal,Medium,0.10011757789535568,0.4918675289045659
IA,73,415,No,No,0,137.1,102,23.31,210.8,114,17.92,191.4,120,8.61,11.1,4,3.0,1,False,0,0,550.4,340,52.84,1.6188235294117646,Warning,Low,0.0960029069767442,0.6177325581395349
NM,21,415,No,Yes,19,132.7,94,22.56,204.6,101,17.39,154.7,78,6.96,12.9,7,3.48,3,False,0,1,504.8999999999999,280,50.39,1.8032142857142854,Normal,Medium,0.09980194097841158,0.5545652604476135
TX,71,415,No,Yes,39,183.2,103,31.14,209.4,111,17.8,172.4,109,7.76,11.9,6,3.21,1,False,0,1,576.9,329,59.91,1.7534954407294832,Warning,Low,0.10384815392615704,0.5702894782457966
KY,112,415,No,No,0,170.5,113,28.99,193.2,129,16.42,188.0,91,8.46,11.2,6,3.02,0,False,0,0,562.9000000000001,339,56.89,1.6604719764011802,Warning,Low,0.10106590868715579,0.6022384082430271
AZ,66,510,No,No,0,154.0,133,26.18,198.9,121,16.91,151.9,100,6.84,9.5,3,2.57,4,True,0,0,514.3,357,52.50000000000001,1.4406162464985992,Normal,High,0.10208049776395102,0.6941473847948668
TN,99,408,No,No,0,54.8,92,9.32,173.0,103,14.71,195.1,125,8.78,7.5,3,2.03,1,False,0,0,430.4,323,34.84,1.3325077399380805,Normal,Low,0.08094795539033459,0.7504646840148699
WV,124,510,No,No,0,184.8,74,31.42,175.1,84,14.88,158.2,95,7.12,10.5,6,2.84,1,False,0,0,528.5999999999999,259,56.260000000000005,2.0409266409266404,Normal,Low,0.10643208475217558,0.4899735149451382
CT,95,415,No,Yes,36,283.1,112,48.13,286.2,86,24.33,261.7,129,11.78,11.3,3,3.05,3,False,0,1,842.3,330,87.29,2.5524242424242423,Critical,Medium,0.10363290988958805,0.39178439985753294
NH,130,408,No,No,0,68.4,86,11.63,193.3,110,16.43,171.5,139,7.72,10.4,4,2.81,0,False,0,0,443.6,339,38.59,1.3085545722713865,Normal,Low,0.08699278629395853,0.7642019837691614
MD,93,510,Yes,No,0,131.4,78,22.34,219.7,106,18.67,155.7,103,7.01,11.1,2,3.0,1,True,1,0,517.9,289,51.02,1.7920415224913493,Normal,Low,0.0985132264916007,0.5580227843212976
WV,191,408,No,No,0,162.0,104,27.54,241.2,120,20.5,210.4,83,9.47,10.9,7,2.94,1,False,0,0,624.5,314,60.449999999999996,1.9888535031847134,Warning,Low,0.09679743795036028,0.5028022417934348
KY,88,415,No,No,0,148.2,82,25.19,308.7,67,26.24,235.4,79,10.59,6.4,4,1.73,2,False,0,0,698.6999999999999,232,63.74999999999999,3.0116379310344823,Warning,Medium,0.09124087591240876,0.33204522684986404
WY,16,415,No,No,0,174.7,83,29.7,280.8,122,23.87,171.7,80,7.73,10.5,8,2.84,5,False,0,0,637.7,293,64.14,2.1764505119453927,Warning,High,0.10058021013015524,0.4594636976634781
GA,107,510,No,No,0,194.5,97,33.07,186.3,131,15.84,178.3,106,8.02,12.7,1,3.43,2,False,0,0,571.8000000000001,335,60.35999999999999,1.7068656716417911,Warning,Medium,0.10556138509968518,0.5858691850297306
AK,96,408,No,Yes,29,150.0,91,25.5,159.4,75,13.55,228.1,55,10.26,8.5,3,2.3,1,False,0,1,546.0,224,51.60999999999999,2.4375,Normal,Low,0.09452380952380951,0.41025641025641024
CT,163,408,No,Yes,40,231.9,56,39.42,211.8,91,18.0,268.5,74,12.08,12.3,3,3.32,2,False,0,1,724.5,224,72.82,3.234375,Critical,Medium,0.10051069703243615,0.30917874396135264
OR,95,415,No,No,0,269.0,120,45.73,233.7,120,19.86,179.3,61,8.07,7.3,4,1.97,2,True,0,0,689.3,305,75.63,2.26,Warning,Medium,0.10972000580298855,0.4424778761061947
OK,123,415,No,Yes,27,198.7,127,33.78,249.0,105,21.17,173.2,124,7.79,12.5,5,3.38,1,False,0,1,633.4,361,66.12,1.7545706371191134,Warning,Low,0.10438901168298075,0.5699400063151248
MA,34,415,No,No,0,293.7,89,49.93,272.5,71,23.16,178.2,76,8.02,11.0,10,2.97,2,True,0,0,755.4000000000001,246,84.08,3.0707317073170737,Critical,Medium,0.1113052687317977,0.3256552819698173
DE,96,415,No,Yes,26,175.8,96,29.89,206.6,84,17.56,178.0,105,8.01,11.1,2,3.0,2,False,0,1,571.5,287,58.46,1.9912891986062717,Warning,Medium,0.10229221347331584,0.5021872265966754
OH,146,415,No,No,0,169.5,93,28.82,230.9,71,19.63,269.8,115,12.14,9.0,7,2.43,2,False,0,0,679.2,286,63.02,2.374825174825175,Warning,Medium,0.09278563015312132,0.4210836277974087
ID,138,415,Yes,Yes,17,225.2,116,38.28,173.4,88,14.74,145.8,99,6.56,11.7,4,3.16,0,False,1,1,556.1000000000001,307,62.74000000000001,1.8114006514657985,Warning,Low,0.11282143499370616,0.5520589821974463
MO,76,510,No,No,0,129.7,84,22.05,177.5,80,15.09,228.9,87,10.3,7.5,3,2.03,5,True,0,0,543.6,254,49.47,2.1401574803149606,Normal,High,0.09100441501103752,0.46725533480500364
NC,83,510,No,Yes,36,95.9,87,16.3,261.6,105,22.24,228.6,109,10.29,13.3,4,3.59,0,False,0,1,599.4,305,52.42,1.9652459016393442,Warning,Low,0.08745412078745413,0.5088421755088421
HI,104,408,No,No,0,170.6,97,29.0,162.1,111,13.78,210.7,131,9.48,6.1,1,1.65,1,False,0,0,549.5,340,53.910000000000004,1.6161764705882353,Normal,Low,0.0981073703366697,0.618744313011829
NJ,106,415,No,No,0,191.4,124,32.54,200.7,116,17.06,230.1,76,10.35,8.2,3,2.21,1,False,0,0,630.4000000000001,319,62.16,1.976175548589342,Warning,Low,0.09860406091370556,0.5060279187817258
MS,84,510,No,No,0,75.3,96,12.8,179.9,113,15.29,193.8,134,8.72,12.3,1,3.32,1,False,0,0,461.3,344,40.13,1.3409883720930234,Normal,Low,0.08699327986126165,0.7457186212876653
MN,99,408,No,No,0,128.8,86,21.9,203.9,105,17.33,282.6,131,12.72,14.1,4,3.81,2,False,0,0,629.4000000000001,326,55.76,1.930674846625767,Warning,Medium,0.08859231013663806,0.5179536066094692
RI,134,415,No,No,0,141.7,95,24.09,205.6,101,17.48,218.5,60,9.83,8.8,6,2.38,0,False,0,0,574.5999999999999,262,53.78,2.1931297709923663,Warning,Low,0.09359554472676647,0.4559693699965194
NJ,80,415,No,No,0,268.7,120,45.68,301.0,147,25.59,167.0,140,7.52,5.8,1,1.57,2,True,0,0,742.5,408,80.35999999999999,1.8198529411764706,Critical,Medium,0.1082289562289562,0.5494949494949495
MN,85,415,No,No,0,255.3,114,43.4,194.6,83,16.54,276.6,78,12.45,3.7,5,1.0,3,False,0,0,730.2,280,73.39,2.607857142857143,Critical,Medium,0.10050671049027664,0.38345658723637355
WI,120,408,No,Yes,26,239.4,94,40.7,259.4,88,22.05,238.0,132,10.71,7.7,3,2.08,0,False,0,1,744.5,317,75.54,2.3485804416403786,Critical,Low,0.10146406984553392,0.42578912021490933
KS,120,510,No,No,0,158.0,110,26.86,197.0,103,16.75,154.9,132,6.97,10.0,5,2.7,1,False,0,0,519.9,350,53.28,1.4854285714285713,Normal,Low,0.10248124639353723,0.6732063858434315
NJ,125,415,No,No,0,182.3,64,30.99,139.8,121,11.88,171.6,96,7.72,11.6,7,3.13,2,False,0,0,505.30000000000007,288,53.72,1.7545138888888892,Normal,Medium,0.1063130813378191,0.5699584405303779
ND,118,415,No,Yes,39,91.5,125,15.56,219.9,113,18.69,229.0,99,10.31,12.7,8,3.43,2,False,0,1,553.1,345,47.99,1.6031884057971015,Warning,Medium,0.08676550352558307,0.6237570059663713
WY,62,415,No,No,0,172.4,132,29.31,230.5,100,19.59,228.2,109,10.27,11.0,5,2.97,0,False,0,0,642.0999999999999,346,62.14,1.855780346820809,Warning,Low,0.09677620308363184,0.5388568758760318
LA,112,510,No,No,0,174.5,127,29.67,259.3,71,22.04,170.5,120,7.67,11.3,7,3.05,1,False,0,0,615.5999999999999,325,62.43,1.8941538461538459,Warning,Low,0.1014132553606238,0.5279402209226771
AL,68,510,No,No,0,157.3,83,26.74,220.9,85,18.78,218.9,129,9.85,12.0,7,3.24,1,False,0,0,609.1,304,58.61,2.0036184210526318,Warning,Low,0.09622393695616482,0.49909702840256115
TX,201,415,No,Yes,21,192.0,97,32.64,239.1,81,20.32,116.1,125,5.22,15.1,3,4.08,1,False,0,1,562.3000000000001,306,62.26,1.8375816993464054,Warning,Low,0.11072381291125732,0.5441934910190289
AR,116,510,No,No,0,160.7,69,27.32,146.8,106,12.48,287.8,144,12.95,8.2,5,2.21,0,False,0,0,603.5,324,54.96,1.8626543209876543,Warning,Low,0.09106876553438277,0.5368682684341343
GA,133,510,No,No,0,227.4,90,38.66,73.2,135,6.22,114.3,99,5.14,4.7,7,1.27,0,False,0,0,419.6,331,51.29,1.2676737160120846,Normal,Low,0.12223546234509056,0.7888465204957101
KY,125,408,No,No,0,191.6,115,32.57,205.6,108,17.48,210.2,123,9.46,9.2,3,2.48,2,False,0,0,616.6,349,61.989999999999995,1.7667621776504299,Warning,Medium,0.10053519299383716,0.5660071359065845
NE,21,510,No,No,0,225.0,110,38.25,244.2,111,20.76,221.2,93,9.95,10.7,4,2.89,0,False,0,0,701.1,318,71.85000000000001,2.2047169811320755,Critical,Low,0.10248181429182714,0.4535729567821994
ND,110,408,No,No,0,196.1,103,33.34,199.7,123,16.97,135.9,71,6.12,12.9,1,3.48,3,False,0,0,544.5999999999999,298,59.91,1.8275167785234896,Normal,Medium,0.11000734484024974,0.5471905986044805
NH,83,415,No,No,0,231.3,100,39.32,210.4,84,17.88,217.4,106,9.78,12.4,2,3.35,3,False,0,0,671.5,292,70.33,2.2996575342465753,Warning,Medium,0.10473566641846611,0.43484735666418467
IN,101,415,No,Yes,42,209.2,82,35.56,159.7,74,13.57,181.6,100,8.17,9.5,3,2.57,0,False,0,1,560.0,259,59.870000000000005,2.1621621621621623,Warning,Low,0.10691071428571429,0.4625
OR,117,415,No,Yes,17,221.3,82,37.62,167.6,100,14.25,262.7,87,11.82,4.4,4,1.19,0,False,0,1,655.9999999999999,273,64.88,2.4029304029304024,Warning,Low,0.09890243902439025,0.41615853658536595
OH,127,408,No,No,0,139.6,94,23.73,240.9,112,20.48,127.1,88,5.72,8.8,4,2.38,2,False,0,0,516.4,298,52.31,1.7328859060402684,Normal,Medium,0.10129744384198297,0.5770720371804803
KS,138,510,No,Yes,26,183.9,83,31.26,240.7,93,20.46,185.7,125,8.36,15.0,3,4.05,1,False,0,1,625.3,304,64.13,2.0569078947368418,Warning,Low,0.10255877178954102,0.4861666400127939
TX,120,415,No,No,0,203.3,108,34.56,259.9,66,22.09,115.9,103,5.22,7.8,2,2.11,3,False,0,0,586.9,279,63.980000000000004,2.103584229390681,Warning,Medium,0.1090134605554609,0.47537911058101895
DC,141,415,No,Yes,37,185.4,87,31.52,178.5,128,15.17,218.3,107,9.82,8.0,3,2.16,4,False,0,1,590.2,325,58.67,1.816,Warning,High,0.09940698068451372,0.5506607929515418
OR,87,510,No,Yes,22,240.8,102,40.94,75.9,106,6.45,224.6,115,10.11,7.1,3,1.92,2,False,0,1,548.4000000000001,326,59.42,1.6822085889570555,Normal,Medium,0.10835156819839532,0.5944566010211524
WA,97,408,No,No,0,276.1,82,46.94,201.1,106,17.09,231.3,73,10.41,8.9,4,2.4,0,True,0,0,717.4,265,76.84,2.7071698113207545,Critical,Low,0.1071090047393365,0.3693894619459158
NC,162,408,No,Yes,26,179.7,144,30.55,218.1,129,18.54,212.3,105,9.55,9.3,8,2.51,1,True,0,1,619.3999999999999,386,61.15,1.604663212435233,Warning,Low,0.09872457216661287,0.6231837261866323
TX,119,510,No,No,0,81.9,75,13.92,253.8,114,21.57,213.1,125,9.59,8.9,1,2.4,2,True,0,0,557.7,315,47.48,1.7704761904761905,Warning,Medium,0.08513537744306973,0.5648197955890263
WI,107,510,No,Yes,25,248.6,91,42.26,119.3,115,10.14,194.3,83,8.74,12.0,1,3.24,1,False,0,1,574.2,290,64.38,1.9800000000000002,Warning,Low,0.11212121212121211,0.505050505050505
SC,140,510,No,Yes,28,157.1,77,26.71,172.4,97,14.65,184.5,94,8.3,11.1,9,3.0,1,False,0,1,525.1,277,52.66,1.8956678700361012,Normal,Low,0.10028565987430964,0.5275185678918302
SD,91,415,No,No,0,153.0,123,26.01,141.1,127,11.99,171.5,76,7.72,10.3,15,2.78,1,True,0,0,475.90000000000003,341,48.5,1.395601173020528,Normal,Low,0.10191216642151711,0.7165370876234503
OH,135,415,No,No,0,218.8,123,37.2,242.8,64,20.64,85.8,80,3.86,10.3,3,2.78,4,False,0,0,557.6999999999999,270,64.48,2.065555555555555,Warning,High,0.11561771561771564,0.4841312533620227
HI,86,408,No,Yes,21,197.9,99,33.64,165.6,100,14.08,208.0,120,9.36,10.1,9,2.73,0,False,0,1,581.6,328,59.809999999999995,1.773170731707317,Warning,Low,0.10283700137551581,0.5639614855570839
KY,131,415,No,No,0,166.5,129,28.31,210.2,107,17.87,257.2,93,11.57,9.9,5,2.67,1,False,0,0,643.8,334,60.42,1.9275449101796407,Warning,Low,0.09384902143522834,0.5187946567256913
OH,86,415,No,Yes,29,225.4,79,38.32,187.1,112,15.9,281.1,112,12.65,12.9,3,3.48,1,False,0,1,706.5,306,70.35000000000001,2.3088235294117645,Critical,Low,0.09957537154989385,0.43312101910828027
AL,85,415,No,No,0,210.3,66,35.75,195.8,76,16.64,221.6,82,9.97,11.2,7,3.02,1,False,0,0,638.9000000000001,231,65.38,2.765800865800866,Warning,Low,0.10233213335420252,0.36155892940992324
VT,195,415,No,Yes,36,231.7,110,39.39,225.1,88,19.13,201.7,89,9.08,12.1,2,3.27,0,False,0,1,670.6,289,70.86999999999999,2.320415224913495,Warning,Low,0.10568147927229345,0.43095735162541005
ND,177,408,No,No,0,189.5,99,32.22,176.3,117,14.99,225.9,112,10.17,14.2,2,3.83,1,False,0,0,605.9000000000001,330,61.21,1.8360606060606064,Warning,Low,0.1010232711668592,0.5446443307476481
WA,100,408,No,No,0,70.8,94,12.04,215.6,102,18.33,230.8,125,10.39,9.5,1,2.57,6,True,0,0,526.7,322,43.33,1.635714285714286,Normal,High,0.08226694513005504,0.611353711790393
CT,124,415,No,No,0,131.8,82,22.41,284.3,119,24.17,305.5,101,13.75,11.3,2,3.05,1,False,0,0,732.9,304,63.379999999999995,2.410855263157895,Critical,Low,0.08647837358439077,0.4147905580570337
DE,81,510,Yes,No,0,250.6,85,42.6,187.9,50,15.97,120.3,131,5.41,7.8,5,2.11,1,False,1,0,566.5999999999999,271,66.09,2.0907749077490774,Warning,Low,0.11664313448641019,0.4782915637133781
HI,105,415,No,No,0,281.3,124,47.82,301.5,96,25.63,202.8,109,9.13,8.7,3,2.35,0,True,0,0,794.3,332,84.92999999999999,2.3924698795180723,Critical,Low,0.10692433589323933,0.4179780939191741
MI,126,415,Yes,Yes,26,129.3,123,21.98,176.5,114,15.0,154.5,102,6.95,9.6,7,2.59,1,False,1,1,469.90000000000003,346,46.52000000000001,1.358092485549133,Normal,Low,0.09899978718876358,0.7363268780591614
ND,71,510,No,No,0,238.0,82,40.46,278.5,94,23.67,193.1,134,8.69,11.8,10,3.19,0,True,0,0,721.4,320,76.00999999999999,2.254375,Critical,Low,0.10536456889381757,0.4435819240365955
NE,139,415,No,No,0,211.1,103,35.89,206.9,108,17.59,193.9,70,8.73,5.6,4,1.51,0,False,0,0,617.5,285,63.720000000000006,2.1666666666666665,Warning,Low,0.10319028340080973,0.46153846153846156
NE,77,415,No,No,0,169.4,102,28.8,184.9,144,15.72,234.3,89,10.54,2.0,7,0.54,1,False,0,0,590.6,342,55.6,1.7269005847953216,Warning,Low,0.09414155096512021,0.5790721300372502
KY,72,408,No,No,0,177.1,97,30.11,184.7,105,15.7,174.1,94,7.83,8.0,6,2.16,1,False,0,0,543.9,302,55.8,1.8009933774834437,Normal,Low,0.10259238830667403,0.5552491266776981
KS,74,415,No,Yes,32,174.6,107,29.68,310.6,115,26.4,234.7,92,10.56,9.0,4,2.43,1,False,0,1,728.9000000000001,318,69.07000000000001,2.2921383647798743,Critical,Low,0.09475922623130745,0.43627383728906566
ND,124,415,No,No,0,150.3,101,25.55,255.9,112,21.75,136.7,62,6.15,12.5,4,3.38,2,False,0,0,555.4000000000001,279,56.83,1.9906810035842297,Warning,Medium,0.10232265034209577,0.5023406553835073
KY,113,408,No,Yes,20,157.8,83,26.83,161.5,56,13.73,271.5,100,12.22,8.7,2,2.35,5,True,0,1,599.5,241,55.13,2.487551867219917,Warning,High,0.09195996663886573,0.40200166805671395
ME,66,510,No,No,0,118.0,133,20.06,248.1,99,21.09,214.4,122,9.65,5.3,5,1.43,1,False,0,0,585.8,359,52.23,1.6317548746518105,Warning,Low,0.0891601229088426,0.6128371457835439
MT,124,415,No,Yes,30,144.5,35,24.57,262.3,101,22.3,226.5,82,10.19,12.0,7,3.24,2,False,0,1,645.3,225,60.300000000000004,2.868,Warning,Medium,0.09344490934449094,0.3486750348675035
IL,134,408,No,No,0,183.8,111,31.25,123.5,92,10.5,160.7,105,7.23,6.1,2,1.65,1,False,0,0,474.1,310,50.63,1.5293548387096776,Normal,Low,0.10679181607255853,0.6538704914574984
ME,41,415,No,Yes,30,191.7,109,32.59,193.0,86,16.41,149.4,93,6.72,11.1,4,3.0,1,False,0,1,545.2,292,58.72,1.867123287671233,Normal,Low,0.10770359501100513,0.5355832721936904
SC,159,415,No,Yes,23,153.6,93,26.11,216.9,88,18.44,161.3,91,7.26,12.6,3,3.4,2,False,0,1,544.4,275,55.209999999999994,1.9796363636363636,Normal,Medium,0.10141440117560617,0.5051432770022043
IL,87,408,Yes,Yes,36,171.2,138,29.1,185.8,102,15.79,227.6,97,10.24,10.8,3,2.92,1,False,1,1,595.4,340,58.050000000000004,1.7511764705882353,Warning,Low,0.09749748068525362,0.5710446758481693
WA,132,415,No,No,0,240.1,115,40.82,180.4,91,15.33,133.4,122,6.0,8.0,6,2.16,3,False,0,0,561.9,334,64.31,1.6823353293413172,Warning,Medium,0.11445096992347394,0.594411817049297
NE,86,408,No,No,0,83.8,121,14.25,240.2,96,20.42,158.6,108,7.14,6.7,8,1.81,1,False,0,0,489.3,333,43.620000000000005,1.4693693693693695,Normal,Low,0.08914776210913551,0.680564071122011
IL,55,415,Yes,No,0,269.6,121,45.83,171.7,91,14.59,219.0,98,9.86,8.2,6,2.21,1,False,1,0,668.5,316,72.49,2.115506329113924,Warning,Low,0.10843679880329095,0.47270007479431564
VT,101,415,No,No,0,136.2,92,23.15,220.9,110,18.78,196.9,116,8.86,13.3,7,3.59,3,False,0,0,567.3,325,54.379999999999995,1.7455384615384615,Warning,Medium,0.09585757095011457,0.5728891239203244
KS,94,408,No,No,0,269.2,104,45.76,193.8,144,16.47,257.6,61,11.59,8.9,2,2.4,3,True,0,0,729.5,311,76.22,2.3456591639871385,Critical,Medium,0.10448252227553119,0.4263193968471556
ND,68,408,No,No,0,219.6,97,37.33,141.1,144,11.99,205.7,101,9.26,10.8,4,2.92,2,False,0,0,577.1999999999999,346,61.5,1.668208092485549,Warning,Medium,0.10654885654885655,0.5994455994455995
CO,98,408,No,No,0,236.2,122,40.15,189.4,110,16.1,153.6,104,6.91,13.3,4,3.59,0,False,0,0,592.5,340,66.75,1.7426470588235294,Warning,Low,0.11265822784810127,0.5738396624472574
TX,123,408,No,No,0,260.9,85,44.35,168.5,103,14.32,178.3,91,8.02,13.3,5,3.59,3,False,0,0,621.0,284,70.28,2.186619718309859,Warning,Medium,0.11317230273752013,0.4573268921095008
CA,111,408,No,No,0,249.8,109,42.47,242.4,106,20.6,231.8,78,10.43,11.6,4,3.13,0,True,0,0,735.6,297,76.63,2.4767676767676767,Critical,Low,0.10417346383904295,0.40375203915171287
MS,69,510,No,Yes,27,268.8,78,45.7,246.6,89,20.96,271.9,102,12.24,16.4,3,4.43,0,False,0,1,803.6999999999999,272,83.32999999999998,2.9547794117647057,Critical,Low,0.1036829662809506,0.33843473933059603
RI,127,415,No,Yes,27,140.1,59,23.82,223.4,111,18.99,257.9,73,11.61,3.8,10,1.03,1,False,0,1,625.1999999999999,253,55.45,2.4711462450592885,Warning,Low,0.08869161868202177,0.4046705054382598
NM,105,415,No,No,0,193.7,108,32.93,183.2,124,15.57,293.7,72,13.22,10.8,5,2.92,1,False,0,0,681.3999999999999,309,64.64,2.2051779935275078,Warning,Low,0.09486351628999122,0.4534781332550632
VA,75,415,No,No,0,224.7,116,38.2,192.0,79,16.32,212.2,98,9.55,11.3,11,3.05,3,False,0,0,640.1999999999999,304,67.12,2.1059210526315786,Warning,Medium,0.1048422368009997,0.4748516088722275
TX,126,415,No,No,0,190.9,143,32.45,149.7,72,12.72,191.4,87,8.61,13.0,3,3.51,1,False,0,0,545.0,305,57.29,1.7868852459016393,Normal,Low,0.10511926605504587,0.5596330275229358
NM,41,415,No,No,0,232.1,74,39.46,327.1,88,27.8,226.5,119,10.19,10.9,2,2.94,3,True,0,0,796.6,283,80.39,2.8148409893992934,Critical,Medium,0.10091639467737885,0.35525985438111973
RI,113,415,No,No,0,90.6,130,15.4,170.6,100,14.5,137.4,74,6.18,5.4,9,1.46,1,False,0,0,404.0,313,37.54,1.29073482428115,Normal,Low,0.09292079207920792,0.7747524752475248
NY,78,510,No,No,0,152.9,81,25.99,256.6,82,21.81,173.6,112,7.81,5.3,6,1.43,2,False,0,0,588.4,281,57.04,2.093950177935943,Warning,Medium,0.09694085656016316,0.4775662814411965
WA,110,415,No,No,0,241.2,105,41.0,174.3,85,14.82,245.3,59,11.04,8.5,4,2.3,2,False,0,0,669.3,253,69.16,2.645454545454545,Warning,Medium,0.10333183923502166,0.3780068728522337
NE,112,415,Yes,Yes,16,200.3,72,34.05,197.8,91,16.81,151.1,92,6.8,10.4,3,2.81,1,False,1,1,559.6,258,60.47,2.1689922480620156,Warning,Low,0.10805932809149392,0.4610436025732666
ID,104,510,No,No,0,97.2,88,16.52,155.6,85,13.23,261.6,105,11.77,12.4,5,3.35,0,False,0,0,526.8000000000001,283,44.87,1.8614840989399295,Normal,Low,0.08517463933181471,0.5372057706909642
WV,127,510,No,No,0,224.3,112,38.13,185.7,103,15.78,159.4,83,7.17,10.0,1,2.7,2,False,0,0,579.4,299,63.78000000000001,1.937792642140468,Warning,Medium,0.11007939247497413,0.5160510873317224
NE,61,408,No,No,0,267.1,104,45.41,180.4,131,15.33,230.6,106,10.38,17.3,4,4.67,1,True,0,0,695.4,345,75.78999999999999,2.0156521739130433,Warning,Low,0.10898763301696865,0.49611734253666956
RI,65,415,No,Yes,29,215.5,129,36.64,161.9,77,13.76,128.3,91,5.77,8.8,5,2.38,2,False,0,1,514.5,302,58.550000000000004,1.7036423841059603,Normal,Medium,0.11379980563654034,0.586977648202138
CT,152,408,No,Yes,20,239.1,105,40.65,209.1,111,17.77,268.2,130,12.07,13.3,3,3.59,5,False,0,1,729.6999999999999,349,74.08000000000001,2.0908309455587393,Critical,High,0.10152117308482941,0.4782787446895985
RI,63,415,Yes,No,0,62.9,112,10.69,202.9,111,17.25,259.0,58,11.66,8.9,8,2.4,1,False,1,0,533.6999999999999,289,41.99999999999999,1.8467128027681659,Normal,Low,0.07869589657110736,0.5415027168821436
IA,100,408,No,No,0,210.9,85,35.85,329.3,69,27.99,127.1,78,5.72,9.4,5,2.54,4,False,0,0,676.7,237,72.10000000000001,2.855274261603376,Warning,High,0.1065464755430767,0.35022905275602184
MS,29,510,No,No,0,313.2,103,53.24,216.3,151,18.39,218.4,106,9.83,12.8,4,3.46,2,True,0,0,760.6999999999999,364,84.91999999999999,2.0898351648351645,Critical,Medium,0.11163402129617457,0.47850663862232157
ME,175,415,No,No,0,132.0,95,22.44,231.2,74,19.65,313.4,108,14.1,8.7,10,2.35,1,False,0,0,685.3,287,58.540000000000006,2.3878048780487804,Warning,Low,0.08542244272581352,0.4187946884576098
MS,98,415,Yes,Yes,23,245.5,54,41.74,292.7,83,24.88,184.0,90,8.28,10.8,7,2.92,1,False,1,1,733.0,234,77.82000000000001,3.1324786324786325,Critical,Low,0.10616643929058664,0.31923601637107774
VA,121,415,No,No,0,134.1,112,22.8,195.1,104,16.58,159.6,139,7.18,10.5,2,2.84,2,False,0,0,499.29999999999995,357,49.39999999999999,1.3985994397759103,Normal,Medium,0.09893851391948727,0.7150010014019628
PA,104,415,No,No,0,144.5,107,24.57,180.5,85,15.34,226.0,94,10.17,17.0,6,4.59,2,False,0,0,568.0,292,54.67,1.9452054794520548,Warning,Medium,0.09625,0.5140845070422535
NE,123,415,No,No,0,150.0,98,25.5,89.8,95,7.63,326.0,91,14.67,11.1,3,3.0,3,False,0,0,576.9,287,50.800000000000004,2.010104529616725,Warning,Medium,0.08805685560755765,0.49748656612931186
MI,61,415,No,Yes,33,270.7,53,46.02,200.7,116,17.06,201.7,102,9.08,10.9,3,2.94,3,False,0,1,683.9999999999999,274,75.1,2.496350364963503,Warning,Medium,0.1097953216374269,0.4005847953216375
MD,160,415,No,No,0,256.0,111,43.52,187.4,61,15.93,119.1,81,5.36,11.5,4,3.11,3,False,0,0,574.0,257,67.92,2.2334630350194553,Warning,Medium,0.11832752613240419,0.44773519163763065
AR,153,408,No,No,0,154.6,56,26.28,263.0,84,22.36,367.7,89,16.55,15.5,2,4.19,1,False,0,0,800.8,231,69.38,3.4666666666666663,Critical,Low,0.08663836163836164,0.2884615384615385
FL,31,510,No,No,0,165.4,84,28.12,203.7,107,17.31,201.7,65,9.08,8.2,1,2.21,1,False,0,0,579.0,257,56.72,2.252918287937743,Warning,Low,0.09796200345423144,0.4438687392055268
KY,122,415,No,No,0,168.3,96,28.61,87.6,91,7.45,247.2,87,11.12,8.4,6,2.27,1,False,0,0,511.5,280,49.45,1.8267857142857142,Normal,Low,0.09667644183773216,0.5474095796676441
IN,46,415,No,Yes,34,191.4,102,32.54,361.8,96,30.75,147.5,132,6.64,7.2,2,1.94,1,False,0,1,707.9000000000001,332,71.86999999999999,2.132228915662651,Critical,Low,0.1015256392145783,0.46899279559259777
FL,103,415,No,No,0,158.7,90,26.98,198.4,117,16.86,181.1,76,8.15,10.5,4,2.84,1,False,0,0,548.7,287,54.83,1.9118466898954705,Normal,Low,0.09992710041917258,0.5230544924366685
IL,68,415,Yes,Yes,29,195.5,113,33.24,171.6,96,14.59,204.0,85,9.18,13.5,9,3.65,1,True,1,1,584.6,303,60.66,1.9293729372937294,Warning,Low,0.10376325692781388,0.518303113239822
AL,149,415,No,Yes,20,264.4,102,44.95,219.6,123,18.67,200.4,89,9.02,11.3,3,3.05,2,False,0,1,695.6999999999999,317,75.69,2.1946372239747634,Warning,Medium,0.10879689521345408,0.45565617363806243
MT,102,408,No,No,0,273.2,85,46.44,211.1,82,17.94,203.7,129,9.17,13.1,7,3.54,2,True,0,0,701.1,303,77.09,2.313861386138614,Critical,Medium,0.109955783768364,0.4321780059905862
WI,153,510,No,No,0,159.5,103,27.12,275.5,90,23.42,176.7,126,7.95,10.1,2,2.73,1,True,0,0,621.8000000000001,321,61.220000000000006,1.937071651090343,Warning,Low,0.09845609520746221,0.5162431650048247
NY,122,510,No,No,0,145.6,102,24.75,284.7,111,24.2,228.2,91,10.27,12.2,5,3.29,0,False,0,0,670.7,309,62.51,2.1705501618122978,Warning,Low,0.09320113314447591,0.4607126882361711
WY,127,510,Yes,No,0,247.5,99,42.08,108.5,118,9.22,232.0,72,10.44,10.6,3,2.86,2,False,1,0,598.6,292,64.6,2.0500000000000003,Warning,Medium,0.10791847644503841,0.4878048780487805
NY,126,415,Yes,No,0,239.7,87,40.75,281.7,92,23.94,183.5,113,8.26,11.4,1,3.08,1,True,1,0,716.3,293,76.03,2.444709897610921,Critical,Low,0.10614267764902975,0.40904648890129836
CO,90,408,No,No,0,109.9,102,18.68,220.8,114,18.77,104.0,133,4.68,10.9,6,2.94,0,False,0,0,445.6,355,45.07,1.255211267605634,Normal,Low,0.10114452423698383,0.7966786355475762
CA,37,510,No,No,0,239.9,120,40.78,261.6,88,22.24,207.1,88,9.32,8.9,4,2.4,2,True,0,0,717.5,300,74.74000000000001,2.3916666666666666,Critical,Medium,0.1041672473867596,0.4181184668989547
CO,132,415,No,No,0,197.8,66,33.63,133.9,119,11.38,177.3,94,7.98,10.9,3,2.94,4,True,0,0,519.9000000000001,282,55.93000000000001,1.843617021276596,Normal,High,0.10757838045778034,0.5424120023081361
KY,38,408,No,Yes,36,115.4,98,19.62,166.2,83,14.13,184.7,79,8.31,15.2,6,4.1,2,False,0,1,481.5,266,46.160000000000004,1.8101503759398496,Normal,Medium,0.09586708203530635,0.5524402907580478
ID,92,415,No,No,0,197.2,113,33.52,242.3,116,20.6,192.0,76,8.64,11.0,5,2.97,2,False,0,0,642.5,310,65.73,2.0725806451612905,Warning,Medium,0.1023035019455253,0.48249027237354086
HI,111,408,No,Yes,13,193.1,104,32.83,111.6,98,9.49,227.4,94,10.23,12.1,4,3.27,1,False,0,1,544.2,300,55.82,1.814,Normal,Low,0.10257258360896729,0.5512679162072767
TX,121,415,No,Yes,31,263.1,70,44.73,279.3,118,23.74,127.1,143,5.72,9.7,4,2.62,5,False,0,1,679.2000000000002,335,76.81,2.0274626865671648,Warning,High,0.11308892815076559,0.4932273262661954
GA,131,408,No,No,0,197.0,79,33.49,201.0,114,17.09,151.2,111,6.8,11.6,5,3.13,1,False,0,0,560.8000000000001,309,60.51,1.814886731391586,Warning,Low,0.10789942938659057,0.5509985734664764
ME,19,415,No,No,0,201.5,123,34.26,129.2,110,10.98,220.6,98,9.93,12.9,4,3.48,1,False,0,0,564.1999999999999,335,58.64999999999999,1.6841791044776118,Warning,Low,0.10395249911378944,0.5937610776320454
OH,135,415,No,No,0,173.4,107,29.48,222.0,84,18.87,64.2,94,2.89,13.7,6,3.7,1,False,0,0,473.29999999999995,291,54.940000000000005,1.6264604810996561,Normal,Low,0.11607859708430174,0.6148320304246778
TN,129,408,No,No,0,101.4,145,17.24,249.1,116,21.17,157.6,107,7.09,7.1,6,1.92,1,False,0,0,515.2,374,47.42,1.3775401069518718,Normal,Low,0.0920419254658385,0.7259316770186335
VT,142,415,No,No,0,232.5,74,39.53,181.8,142,15.45,203.1,86,9.14,10.4,6,2.81,4,False,0,0,627.8,308,66.93,2.0383116883116883,Warning,High,0.10661038547308062,0.4906021025804397
MD,130,415,No,Yes,45,174.5,120,29.67,217.5,95,18.49,220.3,67,9.91,12.2,2,3.29,1,False,0,1,624.5,284,61.35999999999999,2.198943661971831,Warning,Low,0.09825460368294635,0.45476381104883906
NE,92,415,No,No,0,181.4,98,30.84,164.5,98,13.98,171.0,110,7.69,10.9,4,2.94,2,False,0,0,527.8,310,55.449999999999996,1.7025806451612902,Normal,Medium,0.1050587343690792,0.5873436907919667
WY,146,415,No,Yes,11,180.7,82,30.72,173.7,90,14.76,231.5,89,10.42,10.1,4,2.73,2,False,0,1,596.0,265,58.629999999999995,2.249056603773585,Warning,Medium,0.0983724832214765,0.4446308724832215
WV,152,510,Yes,Yes,41,146.8,128,24.96,285.6,96,24.28,213.6,80,9.61,4.3,2,1.16,1,True,1,1,650.3,306,60.01,2.1251633986928105,Warning,Low,0.09228048592957097,0.4705520528986622
MS,189,415,No,No,0,227.8,124,38.73,169.5,112,14.41,201.1,91,9.05,5.6,4,1.51,3,False,0,0,604.0,331,63.699999999999996,1.8247734138972809,Warning,Medium,0.10546357615894039,0.5480132450331126
OH,95,415,No,Yes,23,160.3,87,27.25,202.4,101,17.2,191.1,122,8.6,7.4,3,2.0,0,False,0,1,561.2,313,55.050000000000004,1.79297124600639,Warning,Low,0.09809337134711332,0.5577334283677833
AK,1,408,No,No,0,175.2,74,29.78,151.7,79,12.89,230.5,109,10.37,5.3,3,1.43,1,False,0,0,562.6999999999999,265,54.47,2.1233962264150943,Warning,Low,0.09680113737337837,0.4709436644748534
IN,141,415,No,Yes,39,116.9,127,19.87,276.5,88,23.5,289.9,125,13.05,12.3,2,3.32,0,False,0,1,695.5999999999999,342,59.74,2.0339181286549706,Warning,Low,0.08588269120184015,0.49166187464059813
WA,111,510,No,No,0,152.2,114,25.87,137.2,102,11.66,185.9,97,8.37,9.8,3,2.65,0,False,0,0,485.09999999999997,316,48.55,1.535126582278481,Normal,Low,0.10008245722531436,0.6514120799835086
RI,143,408,No,No,0,167.8,72,28.53,211.0,99,17.94,153.5,109,6.91,10.5,6,2.84,4,True,0,0,542.8,286,56.22,1.8979020979020977,Normal,High,0.10357406042741342,0.52689756816507
AL,148,415,No,Yes,21,262.9,135,44.69,149.5,96,12.71,140.5,109,6.32,8.1,4,2.19,1,False,0,1,561.0,344,65.91,1.630813953488372,Warning,Low,0.11748663101604277,0.6131907308377896
MT,143,408,No,Yes,22,141.8,116,24.11,167.3,99,14.22,178.1,130,8.01,7.8,3,2.11,1,False,0,1,495.00000000000006,348,48.449999999999996,1.4224137931034484,Normal,Low,0.09787878787878786,0.7030303030303029
NM,90,415,No,No,0,167.5,96,28.48,139.1,104,11.82,138.4,87,6.23,13.0,1,3.51,1,False,0,0,458.0,288,50.04,1.5902777777777777,Normal,Low,0.10925764192139738,0.62882096069869
OH,169,408,No,No,0,147.2,115,25.02,161.9,123,13.76,142.1,103,6.39,7.2,6,1.94,3,False,0,0,458.40000000000003,347,47.11,1.3210374639769453,Normal,Medium,0.10277050610820243,0.756980802792321
LA,53,415,No,No,0,145.1,116,24.67,233.7,82,19.86,208.7,95,9.39,7.9,5,2.13,2,False,0,0,595.4,298,56.050000000000004,1.997986577181208,Warning,Medium,0.09413839435673498,0.5005038629492778
MO,15,415,No,No,0,135.2,101,22.98,152.5,79,12.96,224.8,83,10.12,8.4,5,2.27,2,False,0,0,520.9,268,48.33,1.9436567164179104,Normal,Medium,0.09278172393933577,0.5144941447494721
DC,123,408,No,Yes,28,124.7,105,21.2,250.4,78,21.28,216.4,128,9.74,7.8,8,2.11,1,False,0,1,599.3,319,54.330000000000005,1.8786833855799372,Warning,Low,0.0906557650592358,0.532287668947105
TN,95,510,No,No,0,174.0,57,29.58,281.1,118,23.89,197.2,94,8.87,9.7,2,2.62,0,False,0,0,662.0,271,64.96,2.4428044280442807,Warning,Low,0.09812688821752265,0.4093655589123867
WA,82,510,No,No,0,265.2,122,45.08,178.7,102,15.19,174.7,90,7.86,10.7,9,2.89,2,False,0,0,629.3,323,71.02,1.948297213622291,Warning,Medium,0.11285555378992532,0.5132687112664867
RI,180,415,No,No,0,143.3,134,24.36,180.5,113,15.34,184.2,87,8.29,10.1,4,2.73,1,False,0,0,518.1,338,50.72,1.5328402366863907,Normal,Low,0.09789615904265585,0.6523837097085504
RI,125,408,No,No,0,113.0,108,19.21,169.2,107,14.38,156.6,61,7.05,9.2,5,2.48,2,True,0,0,447.99999999999994,281,43.12,1.5943060498220638,Normal,Medium,0.09625,0.6272321428571429
OR,138,415,Yes,Yes,28,211.2,117,35.9,312.5,98,26.56,178.0,118,8.01,10.7,2,2.89,3,True,1,1,712.4000000000001,335,73.36,2.1265671641791046,Critical,Medium,0.10297585626052778,0.470241437394722
MA,90,408,No,No,0,157.9,72,26.84,234.0,93,19.89,210.0,86,9.45,12.2,5,3.29,2,False,0,0,614.1,256,59.470000000000006,2.398828125,Warning,Medium,0.09684090539000163,0.4168702165771047
NC,190,408,No,No,0,182.2,101,30.97,212.3,95,18.05,233.0,123,10.49,9.3,4,2.51,2,False,0,0,636.8,323,62.019999999999996,1.971517027863777,Warning,Medium,0.09739321608040201,0.5072236180904522
IA,143,510,No,Yes,33,141.4,130,24.04,186.4,114,15.84,210.0,111,9.45,7.7,6,2.08,1,False,0,1,545.5,361,51.41,1.5110803324099722,Normal,Low,0.09424381301558203,0.6617781851512374
IL,183,510,No,No,0,108.3,87,18.41,183.6,116,15.61,176.6,109,7.95,13.5,2,3.65,0,False,0,0,482.0,314,45.62,1.535031847133758,Normal,Low,0.09464730290456431,0.6514522821576764
KY,58,415,No,No,0,247.2,116,42.02,303.7,103,25.81,105.4,94,4.74,9.3,2,2.51,2,True,0,0,665.5999999999999,315,75.08,2.113015873015873,Warning,Medium,0.11280048076923078,0.4732572115384616
TN,123,415,No,No,0,166.9,98,28.37,221.8,77,18.85,243.9,114,10.98,12.8,4,3.46,3,False,0,0,645.4,293,61.660000000000004,2.202730375426621,Warning,Medium,0.09553765106910445,0.4539820266501395
GA,155,510,No,No,0,71.2,90,12.1,304.4,119,25.87,183.3,103,8.25,8.6,4,2.32,0,False,0,0,567.5,316,48.54,1.7958860759493671,Warning,Low,0.0855330396475771,0.5568281938325991
MN,53,415,No,No,0,164.1,106,27.9,206.0,56,17.51,194.7,124,8.76,11.4,2,3.08,1,False,0,0,576.1999999999999,288,57.24999999999999,2.000694444444444,Warning,Low,0.09935786185352308,0.4998264491496009
MT,101,415,No,No,0,154.4,130,26.25,217.2,101,18.46,185.4,52,8.34,13.9,4,3.75,1,False,0,0,570.9,287,56.8,1.989198606271777,Warning,Low,0.09949203012786828,0.5027150113855317
ND,122,408,No,No,0,231.2,141,39.3,267.8,136,22.76,240.3,100,10.81,8.8,5,2.38,1,True,0,0,748.0999999999999,382,75.25,1.958376963350785,Critical,Low,0.10058815666354767,0.5106269215345542
VA,163,415,No,No,0,202.9,100,34.49,178.6,46,15.18,203.8,116,9.17,12.8,3,3.46,5,False,0,0,598.0999999999999,265,62.300000000000004,2.2569811320754716,Warning,High,0.10416318341414481,0.4430697207824779
ND,120,415,No,No,0,177.2,88,30.12,270.4,99,22.98,231.5,90,10.42,14.0,2,3.78,2,False,0,0,693.0999999999999,279,67.3,2.484229390681003,Warning,Medium,0.09709998557206753,0.40253931611600063
TN,196,415,No,No,0,133.1,80,22.63,206.5,120,17.55,221.6,96,9.97,10.3,8,2.78,1,False,0,0,571.5,304,52.93,1.8799342105263157,Warning,Low,0.09261592300962379,0.531933508311461
NE,147,415,No,Yes,38,243.4,126,41.38,273.8,109,23.27,282.9,91,12.73,14.1,8,3.81,2,False,0,1,814.2,334,81.19000000000001,2.4377245508982037,Critical,Medium,0.09971751412429379,0.4102186195038074
IN,81,408,No,Yes,46,168.3,124,28.61,270.9,103,23.03,222.5,98,10.01,6.7,2,1.81,4,False,0,1,668.4000000000001,327,63.46,2.044036697247707,Warning,High,0.09494314781567922,0.4892280071813285
OR,165,415,No,Yes,33,111.6,140,18.97,213.3,111,18.13,267.6,115,12.04,16.0,3,4.32,0,False,0,1,608.5,369,53.459999999999994,1.6490514905149052,Warning,Low,0.08785538208709942,0.6064092029580936
TN,115,415,No,No,0,206.2,113,35.05,176.4,102,14.99,297.1,119,13.37,11.0,7,2.97,1,False,0,0,690.7,341,66.38,2.0255131964809387,Warning,Low,0.09610540031851743,0.493702041407268
TX,90,408,No,Yes,27,156.7,51,26.64,236.5,118,20.1,123.2,111,5.54,12.6,6,3.4,2,False,0,1,529.0,286,55.68,1.8496503496503496,Normal,Medium,0.10525519848771267,0.5406427221172023
TN,37,415,No,No,0,221.0,126,37.57,204.5,110,17.38,118.0,98,5.31,6.8,3,1.84,4,False,0,0,550.3,337,62.10000000000001,1.6329376854599404,Warning,High,0.11284753770670546,0.6123932400508814
NC,76,510,No,No,0,165.7,94,28.17,257.4,80,21.88,170.8,114,7.69,10.0,4,2.7,1,False,0,0,603.9,292,60.44,2.0681506849315068,Warning,Low,0.10008279516476237,0.4835237622122868
MT,109,510,No,No,0,154.8,82,26.32,287.7,109,24.45,208.4,80,9.38,5.9,9,1.59,3,False,0,0,656.8,280,61.74,2.3457142857142856,Warning,Medium,0.0940012180267966,0.4263093788063338
HI,105,510,No,No,0,125.4,116,21.32,261.5,95,22.23,241.6,104,10.87,11.4,9,3.08,2,False,0,0,639.9,324,57.49999999999999,1.9749999999999999,Warning,Medium,0.0898577902797312,0.5063291139240507
MI,74,415,No,No,0,124.8,114,21.22,133.0,121,11.31,160.3,85,7.21,10.6,7,2.86,3,False,0,0,428.70000000000005,327,42.6,1.3110091743119268,Normal,Medium,0.09937018894331699,0.7627711686494051
AL,76,415,No,No,0,179.2,85,30.46,222.9,66,18.95,188.2,113,8.47,12.4,2,3.35,0,False,0,0,602.6999999999999,266,61.23,2.2657894736842104,Warning,Low,0.10159283225485316,0.44134727061556334
CT,116,415,No,No,0,245.9,73,41.8,240.1,87,20.41,158.7,89,7.14,8.9,5,2.4,3,False,0,0,653.6,254,71.75,2.573228346456693,Warning,Medium,0.1097766217870257,0.38861689106487146
UT,138,510,No,No,0,205.9,96,35.0,257.1,94,21.85,209.0,63,9.4,12.1,8,3.27,0,False,0,0,684.1,261,69.52,2.621072796934866,Warning,Low,0.10162256979973687,0.38152316912732054
DC,102,415,No,No,0,186.8,92,31.76,173.7,123,14.76,250.9,131,11.29,9.7,4,2.62,2,False,0,0,621.1,350,60.43,1.7745714285714287,Warning,Medium,0.0972951215585252,0.5635163419739172
UT,164,510,No,No,0,192.1,95,32.66,249.8,94,21.23,132.6,100,5.97,7.3,3,1.97,3,False,0,0,581.8,292,61.83,1.9924657534246575,Warning,Medium,0.10627363355104848,0.5018906840838777
MN,125,415,No,No,0,240.7,82,40.92,269.4,85,22.9,187.1,74,8.42,10.1,3,2.73,0,True,0,0,707.3,244,74.97,2.8987704918032784,Critical,Low,0.10599462745652481,0.3449738441962392
SC,209,510,No,No,0,255.1,124,43.37,230.6,110,19.6,218.0,69,9.81,8.5,5,2.3,3,True,0,0,712.2,308,75.08,2.3123376623376624,Critical,Medium,0.10541982589160347,0.43246279135074417
NH,116,408,No,Yes,24,183.6,138,31.21,203.8,90,17.32,166.9,89,7.51,6.0,3,1.62,2,False,0,1,560.3,320,57.66,1.7509374999999998,Warning,Medium,0.10290915580938784,0.571122612885954
MD,189,415,No,Yes,30,155.2,116,26.38,195.5,50,16.62,170.1,108,7.65,15.4,6,4.16,1,False,0,1,536.1999999999999,280,54.81,1.9149999999999998,Normal,Low,0.10221932114882508,0.5221932114882507
OK,84,510,No,No,0,203.4,125,34.58,182.9,88,15.55,213.7,121,9.62,13.8,2,3.73,1,False,0,0,613.8,336,63.47999999999999,1.8267857142857142,Warning,Low,0.10342130987292276,0.5474095796676443
NJ,182,415,No,No,0,279.1,124,47.45,180.5,108,15.34,217.5,104,9.79,9.5,11,2.57,2,True,0,0,686.6,347,75.15,1.9786743515850145,Warning,Medium,0.10945237401689485,0.5053888727060879
HI,171,510,No,No,0,189.8,122,32.27,173.7,85,14.76,257.1,84,11.57,10.3,1,2.78,0,False,0,0,630.9,292,61.38,2.1606164383561643,Warning,Low,0.09728958630527818,0.46283087652559834
DE,90,415,No,No,0,198.5,124,33.75,266.6,100,22.66,243.3,80,10.95,8.0,7,2.16,2,False,0,0,716.4000000000001,311,69.52,2.303536977491962,Critical,Medium,0.09704075935231712,0.43411501954215514
AL,117,510,No,No,0,158.7,84,26.98,181.7,91,15.44,177.3,67,7.98,7.7,10,2.08,2,False,0,0,525.4000000000001,252,52.480000000000004,2.084920634920635,Normal,Medium,0.099885801294252,0.4796345641416063
KS,186,510,No,No,0,137.8,97,23.43,187.7,118,15.95,146.4,85,6.59,8.7,6,2.35,1,False,0,0,480.59999999999997,306,48.32,1.5705882352941176,Normal,Low,0.10054099042863089,0.6367041198501873
AK,55,408,No,Yes,39,139.3,101,23.68,178.3,117,15.16,246.5,104,11.09,8.1,1,2.19,3,False,0,1,572.2,323,52.120000000000005,1.7715170278637773,Warning,Medium,0.09108703250611674,0.5644879412792729
WI,74,408,No,No,0,177.4,136,30.16,240.3,104,20.43,237.3,133,10.68,12.0,3,3.24,0,False,0,0,667.0,376,64.51,1.773936170212766,Warning,Low,0.09671664167916043,0.5637181409295352
IN,130,408,No,No,0,115.6,129,19.65,167.8,104,14.26,141.8,124,6.38,12.6,9,3.4,1,False,0,0,437.8,366,43.69,1.196174863387978,Normal,Low,0.09979442667884879,0.8359981726815897
DC,80,408,No,No,0,51.5,90,8.76,164.0,98,13.94,169.4,80,7.62,9.5,4,2.57,3,False,0,0,394.4,272,32.89,1.45,Normal,Medium,0.08339249492900609,0.6896551724137931
MS,120,415,No,No,0,131.7,99,22.39,163.1,109,13.86,201.1,116,9.05,10.7,3,2.89,1,False,0,0,506.59999999999997,327,48.19,1.549235474006116,Normal,Low,0.09512435846821951,0.6454796683774181
NH,84,408,No,Yes,30,106.5,65,18.11,225.7,108,19.18,188.6,61,8.49,5.7,3,1.54,2,False,0,1,526.5,237,47.32,2.221518987341772,Normal,Medium,0.08987654320987655,0.45014245014245013
NJ,134,510,No,Yes,34,247.2,105,42.02,225.5,133,19.17,186.3,76,8.38,6.1,5,1.65,2,True,0,1,665.1,319,71.22000000000001,2.0849529780564264,Warning,Medium,0.10708164185836717,0.47962712374079086
VT,68,415,No,No,0,158.8,119,27.0,211.8,105,18.0,198.1,101,8.91,10.3,3,2.78,1,False,0,0,579.0,328,56.69,1.7652439024390243,Warning,Low,0.09791018998272884,0.5664939550949913
MD,119,408,No,No,0,239.1,88,40.65,243.5,79,20.7,230.9,92,10.39,10.9,3,2.94,3,True,0,0,724.4,262,74.67999999999999,2.764885496183206,Critical,Medium,0.10309221424627277,0.3616786305908338
KS,166,415,Yes,Yes,28,175.8,126,29.89,253.6,76,21.56,128.5,72,5.78,11.4,5,3.08,1,False,1,1,569.3,279,60.31,2.040501792114695,Warning,Low,0.10593711575619183,0.49007553135429477
NH,90,415,No,Yes,42,193.3,66,32.86,263.3,85,22.38,214.4,97,9.65,11.1,4,3.0,0,False,0,1,682.1,252,67.89,2.706746031746032,Warning,Low,0.09953086057762792,0.3694472951180179
AZ,82,415,No,Yes,33,137.8,95,23.43,235.5,128,20.02,268.1,70,12.06,11.0,6,2.97,2,False,0,1,652.4000000000001,299,58.480000000000004,2.181939799331104,Warning,Medium,0.08963825873697118,0.4583077866339668
ID,130,415,No,No,0,263.7,113,44.83,186.5,103,15.85,195.3,99,8.79,18.3,6,4.94,1,True,0,0,663.8,321,74.41,2.06791277258567,Warning,Low,0.11209701717384754,0.4835793913829467
TX,130,408,No,No,0,252.0,101,42.84,170.2,105,14.47,209.2,64,9.41,5.7,5,1.54,0,False,0,0,637.1,275,68.26,2.316727272727273,Warning,Low,0.10714173599121017,0.4316433840841312
RI,155,408,Yes,No,0,163.1,94,27.73,291.7,108,24.79,96.4,111,4.34,11.2,3,3.02,0,False,1,0,562.4,316,59.88,1.779746835443038,Warning,Low,0.10647226173541964,0.5618776671408251
OR,81,415,No,No,0,324.7,48,55.2,236.4,82,20.09,187.6,78,8.44,13.1,5,3.54,0,True,0,0,761.8000000000001,213,87.27000000000001,3.5765258215962445,Critical,Low,0.11455762667366763,0.27960094512995537
NC,75,408,No,No,0,203.3,70,34.56,228.9,97,19.46,222.2,118,10.0,14.3,3,3.86,1,False,0,0,668.7,288,67.88000000000001,2.3218750000000004,Warning,Low,0.10151039330043368,0.43068640646029605
NM,178,415,No,Yes,35,175.4,88,29.82,190.0,65,16.15,138.7,94,6.24,10.5,3,2.84,2,False,0,1,514.5999999999999,250,55.05,2.0584,Normal,Medium,0.10697629226583756,0.48581422464049756
SC,112,415,No,No,0,266.0,97,45.22,214.6,94,18.24,306.2,100,13.78,14.2,2,3.83,2,True,0,0,801.0,293,81.07,2.733788395904437,Critical,Medium,0.10121098626716603,0.365792759051186
AZ,100,510,No,No,0,78.7,98,13.38,225.6,102,19.18,150.4,106,6.77,14.0,8,3.78,0,False,0,0,468.70000000000005,314,43.11,1.4926751592356688,Normal,Low,0.09197781096650308,0.6699381267335182
WV,104,415,No,No,0,225.9,123,38.4,162.8,106,13.84,272.1,85,12.24,10.1,4,2.73,1,False,0,0,670.9000000000001,318,67.21,2.1097484276729563,Warning,Low,0.10017886421225218,0.47399016246832604
NY,160,408,No,No,0,216.8,77,36.86,207.3,117,17.62,228.6,117,10.29,5.6,2,1.51,1,False,0,0,658.3000000000001,313,66.28000000000002,2.1031948881789138,Warning,Low,0.10068357891538814,0.4754671122588485
WV,87,415,No,No,0,58.0,125,9.86,67.5,116,5.74,185.9,136,8.37,11.5,3,3.11,0,False,0,0,322.9,380,27.08,0.8497368421052631,Normal,Low,0.0838649736760607,1.1768349334159183
NM,81,415,No,No,0,173.2,80,29.44,236.2,94,20.08,240.2,84,10.81,11.8,6,3.19,2,False,0,0,661.3999999999999,264,63.519999999999996,2.50530303030303,Warning,Medium,0.09603870577562747,0.39915331115814945
ME,28,415,No,No,0,236.8,102,40.26,167.1,87,14.2,280.2,115,12.61,9.7,3,2.62,3,False,0,0,693.8,307,69.69,2.2599348534201953,Warning,Medium,0.10044681464398962,0.44249063130585187
WI,95,408,No,No,0,237.3,83,40.34,154.0,65,13.09,237.0,105,10.67,11.2,6,3.02,1,False,0,0,639.5,259,67.12,2.469111969111969,Warning,Low,0.10495699765441752,0.40500390930414387
NJ,35,408,No,No,0,158.6,67,26.96,130.4,96,11.08,229.8,80,10.34,6.9,5,1.86,2,False,0,0,525.6999999999999,248,50.239999999999995,2.119758064516129,Normal,Medium,0.09556781434278105,0.47175194978124413
WY,134,510,No,No,0,296.0,93,50.32,226.4,117,19.24,246.8,98,11.11,12.3,10,3.32,0,True,0,0,781.5,318,83.99,2.457547169811321,Critical,Low,0.1074728087012156,0.4069097888675624
AR,185,415,No,Yes,19,157.3,123,26.74,257.7,94,21.9,190.4,107,8.57,9.6,6,2.59,0,False,0,1,615.0,330,59.8,1.8636363636363635,Warning,Low,0.09723577235772357,0.5365853658536586
PA,85,408,No,No,0,144.4,88,24.55,264.6,105,22.49,185.4,94,8.34,9.9,3,2.67,1,False,0,0,604.3,290,58.05,2.0837931034482757,Warning,Low,0.0960615588283965,0.47989409233824265
TN,148,415,No,Yes,36,77.6,141,13.19,207.0,60,17.6,255.7,115,11.51,10.9,2,2.94,1,False,0,1,551.1999999999999,318,45.239999999999995,1.7333333333333332,Warning,Low,0.0820754716981132,0.576923076923077
CT,134,408,No,Yes,32,80.3,94,13.65,199.9,124,16.99,170.8,117,7.69,16.6,3,4.48,0,False,0,1,467.6,338,42.81,1.383431952662722,Normal,Low,0.09155260906757913,0.7228400342172797
MA,80,408,No,Yes,36,190.3,115,32.35,256.6,78,21.81,214.9,145,9.67,3.8,4,1.03,1,False,0,1,665.6,342,64.86,1.9461988304093567,Warning,Low,0.09744591346153846,0.5138221153846154
OH,165,510,No,No,0,209.4,67,35.6,273.8,89,23.27,150.2,88,6.76,12.8,1,3.46,0,False,0,0,646.2,245,69.09,2.6375510204081634,Warning,Low,0.10691736304549675,0.37913958526771896
KS,65,415,No,Yes,34,208.8,119,35.5,142.1,106,12.08,214.6,87,9.66,12.5,4,3.38,4,False,0,1,578.0,316,60.62,1.8291139240506329,Warning,High,0.104878892733564,0.5467128027681661
OK,104,415,No,No,0,113.6,87,19.31,158.6,98,13.48,187.7,87,8.45,10.5,6,2.84,2,False,0,0,470.4,278,44.08,1.6920863309352516,Normal,Medium,0.09370748299319728,0.5909863945578232
UT,44,415,No,No,0,202.6,89,34.44,163.0,96,13.86,268.1,151,12.06,8.3,3,2.24,0,False,0,0,642.0,339,62.6,1.8938053097345133,Warning,Low,0.09750778816199378,0.5280373831775701
OH,162,415,No,No,0,135.2,98,22.98,242.0,107,20.57,246.9,96,11.11,10.2,2,2.75,2,False,0,0,634.3000000000001,303,57.41,2.0933993399339936,Warning,Medium,0.09050922276525301,0.4776919438751379
WA,96,415,No,No,0,276.9,105,47.07,246.9,94,20.99,254.4,107,11.45,10.3,3,2.78,1,True,0,0,788.4999999999999,309,82.29,2.5517799352750807,Critical,Low,0.10436271401395056,0.39188332276474325
IN,72,510,No,No,0,287.4,116,48.86,235.3,126,20.0,292.1,114,13.14,5.0,3,1.35,4,True,0,0,819.8000000000001,359,83.35,2.283565459610028,Critical,High,0.10167113930226883,0.4379116857770187
NE,31,415,No,No,0,97.5,129,16.58,260.4,78,22.13,88.7,100,3.99,7.0,5,1.89,1,False,0,0,453.59999999999997,312,44.589999999999996,1.4538461538461538,Normal,Low,0.09830246913580247,0.6878306878306879
AL,72,415,No,No,0,166.5,102,28.31,261.0,103,22.19,262.7,85,11.82,13.3,5,3.59,0,False,0,0,703.5,295,65.91,2.3847457627118644,Critical,Low,0.09368869936034115,0.4193319118692253
PA,136,408,No,No,0,102.1,75,17.36,219.5,97,18.66,73.7,92,3.32,9.8,5,2.65,0,False,0,0,405.1,269,41.989999999999995,1.5059479553903345,Normal,Low,0.10365341890891136,0.6640335719575413
OR,82,415,No,Yes,19,146.5,73,24.91,246.4,65,20.94,199.0,114,8.96,4.1,4,1.11,1,False,0,1,596.0,256,55.92,2.328125,Warning,Low,0.0938255033557047,0.42953020134228187
MN,155,408,Yes,No,0,250.8,146,42.64,152.5,105,12.96,148.1,104,6.66,10.0,5,2.7,2,False,1,0,561.4,360,64.96000000000001,1.5594444444444444,Warning,Medium,0.11571072319201997,0.641254007837549
GA,136,415,No,No,0,163.4,83,27.78,249.3,119,21.19,249.7,90,11.24,9.8,4,2.65,7,False,0,0,672.2,296,62.86,2.2709459459459462,Warning,High,0.09351383516810473,0.44034513537637604
TX,57,415,No,No,0,161.0,113,27.37,208.0,134,17.68,208.1,81,9.36,8.4,4,2.27,3,False,0,0,585.5,332,56.68,1.7635542168674698,Warning,Medium,0.09680614859094791,0.5670367207514945
NM,112,415,No,No,0,81.6,94,13.87,268.1,112,22.79,140.8,75,6.34,8.6,18,2.32,1,False,0,0,499.1000000000001,299,45.32,1.6692307692307695,Normal,Low,0.09080344620316569,0.5990783410138248
NC,95,408,No,No,0,128.6,115,21.86,216.2,88,18.38,255.3,96,11.49,6.3,2,1.7,6,True,0,0,606.3999999999999,301,53.43,2.014617940199335,Warning,High,0.08811015831134567,0.49637203166226923
ID,113,415,No,Yes,30,183.8,102,31.25,183.4,123,15.59,235.0,52,10.58,11.6,7,3.13,0,False,0,1,613.8000000000001,284,60.550000000000004,2.161267605633803,Warning,Low,0.0986477680026067,0.46269143043336586
WI,103,415,No,No,0,180.2,134,30.63,97.7,85,8.3,181.7,134,8.18,8.4,3,2.27,1,False,0,0,467.99999999999994,356,49.38,1.3146067415730336,Normal,Low,0.10551282051282053,0.7606837606837608
SC,149,415,No,Yes,20,147.8,132,25.13,276.8,94,23.53,149.9,110,6.75,10.2,6,2.75,0,False,0,1,584.7,342,58.16,1.7096491228070176,Warning,Low,0.09946981357961346,0.5849153412006156
NV,116,408,No,No,0,110.9,54,18.85,213.4,82,18.14,186.2,116,8.38,7.9,2,2.13,2,False,0,0,518.4,254,47.50000000000001,2.0409448818897635,Normal,Medium,0.0916280864197531,0.48996913580246915
NE,95,510,No,No,0,58.2,96,9.89,202.1,126,17.18,210.5,97,9.47,10.4,5,2.81,0,False,0,0,481.2,324,39.35,1.4851851851851852,Normal,Low,0.08177472984206152,0.6733167082294265
UT,201,510,No,No,0,212.7,72,36.16,225.2,90,19.14,195.1,99,8.78,7.0,6,1.89,1,False,0,0,640.0,267,65.97,2.397003745318352,Warning,Low,0.10307812499999999,0.4171875
HI,150,415,No,No,0,214.0,117,36.38,192.4,89,16.35,242.6,99,10.92,7.9,4,2.13,1,False,0,0,656.9,309,65.78,2.1258899676375402,Warning,Low,0.10013700715481809,0.47039123154209167
MI,108,408,Yes,No,0,115.1,114,19.57,211.3,70,17.96,136.1,85,6.12,13.8,3,3.73,2,True,1,0,476.3,272,47.379999999999995,1.7511029411764707,Normal,Medium,0.09947512072223387,0.5710686542095318
MO,101,415,Yes,No,0,156.4,116,26.59,130.4,114,11.08,207.3,109,9.33,7.3,5,1.97,1,False,1,0,501.40000000000003,344,48.97,1.4575581395348838,Normal,Low,0.09766653370562424,0.6860789788591942
AL,182,415,No,Yes,24,128.1,104,21.78,143.4,127,12.19,191.0,98,8.59,11.6,3,3.13,1,False,0,1,474.1,332,45.690000000000005,1.4280120481927712,Normal,Low,0.09637207340223582,0.7002742037544821
VT,128,408,No,No,0,227.9,130,38.74,302.6,71,25.72,191.5,82,8.62,5.5,7,1.49,1,True,0,0,727.5,290,74.57000000000001,2.5086206896551726,Critical,Low,0.10250171821305842,0.39862542955326463
VA,113,408,No,Yes,34,44.9,63,7.63,134.2,82,11.41,168.4,118,7.58,13.3,3,3.59,1,False,0,1,360.8,266,30.209999999999997,1.3563909774436091,Normal,Low,0.08373059866962305,0.737250554323725
RI,76,415,No,No,0,171.1,78,29.09,257.2,83,21.86,91.6,92,4.12,16.2,3,4.37,1,False,0,0,536.1,256,59.44,2.094140625,Normal,Low,0.11087483678418204,0.4775228502145122
MD,204,510,No,No,0,205.2,145,34.88,154.8,95,13.16,191.4,77,8.61,14.1,5,3.81,3,False,0,0,565.5,322,60.46000000000001,1.7562111801242235,Warning,Medium,0.10691423519009727,0.5694076038903625
OH,32,415,No,Yes,31,232.8,97,39.58,183.5,111,15.6,206.8,111,9.31,13.0,2,3.51,0,False,0,1,636.1,321,68.0,1.9816199376947041,Warning,Low,0.10690143059267411,0.504637635591888
CO,103,415,No,Yes,37,153.5,78,26.1,241.9,108,20.56,244.7,110,11.01,10.6,3,2.86,1,False,0,1,650.6999999999999,299,60.529999999999994,2.1762541806020064,Warning,Low,0.09302289841708929,0.45950514830182887
UT,148,510,No,No,0,203.0,92,34.51,150.9,125,12.83,245.5,131,11.05,14.6,9,3.94,1,False,0,0,614.0,357,62.33,1.719887955182073,Warning,Low,0.10151465798045603,0.5814332247557004
CO,57,415,No,No,0,85.9,92,14.6,193.9,127,16.48,231.5,93,10.42,10.1,2,2.73,0,False,0,0,521.4,314,44.23,1.6605095541401274,Normal,Low,0.08482930571538166,0.6022247794399693
KY,64,415,Yes,No,0,146.7,83,24.94,148.3,91,12.61,238.6,69,10.74,12.5,3,3.38,3,False,1,0,546.1,246,51.67,2.219918699186992,Normal,Medium,0.0946163706280901,0.4504669474455228
DC,70,415,No,No,0,152.8,145,25.98,183.6,102,15.61,151.8,75,6.83,10.5,2,2.84,1,False,0,0,498.7,324,51.260000000000005,1.5391975308641974,Normal,Low,0.10278724684178867,0.6496891918989373
MA,142,408,No,No,0,216.8,134,36.86,187.8,106,15.96,138.1,108,6.21,8.3,2,2.24,0,False,0,0,551.0,350,61.27,1.5742857142857143,Warning,Low,0.1111978221415608,0.6352087114337568
AZ,88,415,No,No,0,172.8,81,29.38,193.4,90,16.44,89.6,107,4.03,12.8,5,3.46,2,False,0,0,468.6000000000001,283,53.31,1.6558303886925798,Normal,Medium,0.11376440460947501,0.6039265898420827
IL,131,510,No,No,0,263.4,123,44.78,151.9,74,12.91,218.5,101,9.83,10.7,2,2.89,2,False,0,0,644.5,300,70.41,2.1483333333333334,Warning,Medium,0.10924747866563227,0.46547711404189296
CO,130,408,No,No,0,271.8,129,46.21,237.2,128,20.16,210.1,91,9.45,8.7,2,2.35,4,True,0,0,727.8000000000001,350,78.17,2.0794285714285716,Critical,High,0.10740588073646605,0.4809013465237702
OR,166,510,No,No,0,199.6,93,33.93,214.3,99,18.22,196.8,110,8.86,7.2,5,1.94,3,False,0,0,617.9000000000001,307,62.949999999999996,2.0127035830618896,Warning,Medium,0.10187732642822461,0.49684414953876027
MS,130,510,No,No,0,203.9,63,34.66,191.8,93,16.3,132.5,125,5.96,12.1,4,3.27,3,False,0,0,540.3000000000001,285,60.19,1.8957894736842107,Normal,Medium,0.11140107347769755,0.5274847307051638
SC,111,510,No,No,0,78.3,119,13.31,198.2,94,16.85,248.5,94,11.18,12.1,4,3.27,1,False,0,0,537.1,311,44.61000000000001,1.7270096463022508,Normal,Low,0.08305715881586298,0.5790355613479798
IN,100,415,No,Yes,32,125.2,123,21.28,230.9,101,19.63,192.0,106,8.64,12.6,9,3.4,3,False,0,1,560.7,339,52.949999999999996,1.653982300884956,Warning,Medium,0.09443552701979667,0.604601391118245
ME,57,415,No,No,0,221.1,101,37.59,236.7,65,20.12,252.3,137,11.35,9.5,1,2.57,0,False,0,0,719.5999999999999,304,71.63,2.3671052631578946,Critical,Low,0.0995414118954975,0.4224569205113953
DE,139,408,No,No,0,139.0,110,23.63,132.9,93,11.3,272.0,120,12.24,12.1,1,3.27,0,False,0,0,556.0,324,50.440000000000005,1.7160493827160495,Warning,Low,0.09071942446043166,0.5827338129496403
OR,113,415,No,No,0,159.8,143,27.17,210.1,93,17.86,175.1,86,7.88,13.1,7,3.54,2,False,0,0,558.1,329,56.45,1.6963525835866262,Warning,Medium,0.10114674789464254,0.5895000895896793
NJ,108,415,No,No,0,239.3,102,40.68,223.4,127,18.99,251.4,104,11.31,10.6,6,2.86,0,False,0,0,724.7,339,73.84,2.1377581120943954,Critical,Low,0.10189043742238167,0.46777977093969914
MT,100,415,No,No,0,113.3,96,19.26,197.9,89,16.82,284.5,93,12.8,11.7,2,3.16,4,True,0,0,607.4000000000001,280,52.03999999999999,2.1692857142857145,Warning,High,0.08567665459334867,0.4609812314784326
WV,120,510,No,No,0,192.6,123,32.74,206.4,105,17.54,283.2,93,12.74,10.8,3,2.92,1,False,0,0,693.0,324,65.94,2.138888888888889,Warning,Low,0.09515151515151515,0.4675324675324675
NJ,107,408,No,Yes,36,96.3,83,16.37,179.6,91,15.27,166.3,121,7.48,10.3,2,2.78,1,False,0,1,452.5,297,41.900000000000006,1.5235690235690236,Normal,Low,0.09259668508287294,0.656353591160221
IN,104,408,No,No,0,280.4,127,47.67,179.4,79,15.25,150.6,77,6.78,15.2,6,4.1,5,False,0,0,625.6,289,73.8,2.164705882352941,Warning,High,0.11796675191815856,0.46195652173913043
NM,62,415,No,No,0,245.3,91,41.7,122.9,130,10.45,228.4,102,10.28,8.5,4,2.3,4,False,0,0,605.1,327,64.73,1.8504587155963304,Warning,High,0.1069740538753925,0.5404065443728309
MT,34,415,No,Yes,14,151.5,100,25.76,248.7,126,21.14,199.8,120,8.99,10.7,5,2.89,2,False,0,1,610.7,351,58.78000000000001,1.73988603988604,Warning,Medium,0.09625020468315049,0.5747502865564106
NM,183,415,No,No,0,190.0,100,32.3,246.6,78,20.96,304.2,107,13.69,9.5,4,2.57,1,False,0,0,750.3,289,69.52,2.5961937716262975,Critical,Low,0.09265627082500333,0.3851792616286819
IL,123,408,No,No,0,114.8,94,19.52,150.0,104,12.75,268.6,119,12.09,9.6,4,2.59,2,False,0,0,543.0000000000001,321,46.95,1.6915887850467293,Normal,Medium,0.08646408839779005,0.591160220994475
IN,64,408,No,No,0,113.8,97,19.35,192.3,97,16.35,214.9,89,9.67,10.4,1,2.81,3,False,0,0,531.4,284,48.18000000000001,1.8711267605633801,Normal,Medium,0.09066616484757246,0.5344373353406098
ND,27,415,No,No,0,227.4,67,38.66,248.0,115,21.08,61.4,109,2.76,7.8,6,2.11,1,False,0,0,544.5999999999999,297,64.61,1.8336700336700333,Normal,Low,0.11863753213367612,0.5453543885420493
NH,123,408,No,No,0,224.0,99,38.08,210.7,80,17.91,231.9,75,10.44,2.1,5,0.57,0,False,0,0,668.7,259,66.99999999999999,2.5818532818532822,Warning,Low,0.10019440705847163,0.3873186780320024
NM,84,408,No,Yes,41,153.9,102,26.16,140.7,117,11.96,217.7,101,9.8,12.8,5,3.46,1,False,0,1,525.0999999999999,325,51.38,1.6156923076923073,Normal,Low,0.09784802894686728,0.6189297276709199
LA,91,415,No,No,0,190.5,128,32.39,205.5,103,17.47,130.7,63,5.88,13.8,5,3.73,0,False,0,0,540.5,299,59.47,1.8076923076923077,Normal,Low,0.1100277520814061,0.5531914893617021
KY,95,510,No,No,0,157.3,116,26.74,197.5,77,16.79,128.2,111,5.77,8.4,4,2.27,2,False,0,0,491.4,308,51.57,1.5954545454545455,Normal,Medium,0.10494505494505495,0.6267806267806268
WV,73,415,No,No,0,240.3,130,40.85,162.5,83,13.81,231.9,136,10.44,11.9,3,3.21,0,False,0,0,646.6,352,68.31,1.8369318181818182,Warning,Low,0.10564491184658212,0.5443860191772347
WV,58,408,No,Yes,39,211.9,40,36.02,274.4,76,23.32,210.5,139,9.47,5.4,4,1.46,1,False,0,1,702.1999999999999,259,70.27,2.711196911196911,Critical,Low,0.10007120478496155,0.368840786100826
IA,88,415,No,No,0,113.7,67,19.33,165.1,127,14.03,141.5,142,6.37,10.8,3,2.92,1,False,0,0,431.1,339,42.65,1.2716814159292036,Normal,Low,0.09893296218974715,0.7863604732080723
NE,67,415,No,Yes,41,174.7,86,29.7,160.6,93,13.65,155.3,108,6.99,13.4,1,3.62,0,False,0,1,503.99999999999994,288,53.96,1.7499999999999998,Normal,Low,0.10706349206349208,0.5714285714285715
WA,152,510,No,No,0,161.4,84,27.44,163.6,88,13.91,153.2,121,6.89,11.8,5,3.19,1,False,0,0,490.0,298,51.43,1.6442953020134228,Normal,Low,0.10495918367346939,0.6081632653061224
PA,142,510,No,Yes,40,230.7,101,39.22,256.8,88,21.83,263.9,92,11.88,6.4,3,1.73,1,False,0,1,757.8,284,74.66,2.6683098591549292,Critical,Low,0.09852203747690684,0.37476906835576673
ID,105,408,No,No,0,232.6,96,39.54,253.4,117,21.54,154.0,101,6.93,10.5,9,2.84,1,False,0,0,650.5,323,70.85,2.013931888544892,Warning,Low,0.10891621829362029,0.4965411222136818
DC,93,408,No,Yes,22,306.2,123,52.05,189.7,83,16.12,240.3,107,10.81,11.7,2,3.16,0,False,0,1,747.9000000000001,315,82.14,2.3742857142857146,Critical,Low,0.10982751704773364,0.421179302045728
KY,79,415,No,No,0,236.8,135,40.26,186.4,87,15.84,126.9,112,5.71,10.4,5,2.81,2,False,0,0,560.5,339,64.61999999999999,1.6533923303834808,Warning,Medium,0.11528991971454057,0.6048171275646744
SC,88,408,No,No,0,153.5,94,26.1,251.7,118,21.39,182.2,99,8.2,8.5,6,2.3,1,False,0,0,595.9,317,57.989999999999995,1.8798107255520504,Warning,Low,0.09731498573586171,0.5319684510823964
NC,110,408,No,No,0,159.5,145,27.12,202.3,101,17.2,256.0,96,11.52,16.7,2,4.51,2,False,0,0,634.5,344,60.35,1.8444767441860466,Warning,Medium,0.09511426319936958,0.5421591804570528
NY,209,415,No,No,0,153.7,105,26.13,188.6,87,16.03,200.8,95,9.04,10.7,2,2.89,0,False,0,0,553.8,289,54.089999999999996,1.9162629757785465,Warning,Low,0.09767063921993499,0.5218490429758036
OR,27,510,No,No,0,232.1,81,39.46,210.8,101,17.92,165.4,87,7.44,15.0,6,4.05,5,False,0,0,623.3,275,68.87,2.2665454545454544,Warning,High,0.1104925397080058,0.4412000641745548
IL,117,415,No,No,0,201.9,86,34.32,212.3,96,18.05,176.9,98,7.96,7.8,10,2.11,1,False,0,0,598.9,290,62.440000000000005,2.0651724137931033,Warning,Low,0.10425780597762566,0.4842210719652697
MA,87,408,No,No,0,186.9,79,31.77,182.6,105,15.52,143.1,90,6.44,4.2,14,1.13,1,False,0,0,516.8000000000001,288,54.86,1.7944444444444447,Normal,Low,0.10615325077399379,0.5572755417956655
CT,129,510,No,Yes,27,196.6,89,33.42,180.6,95,15.35,245.0,83,11.03,6.6,5,1.78,1,False,0,1,628.8000000000001,272,61.580000000000005,2.311764705882353,Warning,Low,0.09793256997455471,0.43256997455470736
WI,142,510,No,No,0,232.1,102,39.46,168.2,110,14.3,197.3,120,8.88,9.9,3,2.67,1,False,0,0,607.4999999999999,335,65.31,1.813432835820895,Warning,Low,0.1075061728395062,0.5514403292181072
OK,112,415,No,No,0,166.0,79,28.22,74.6,100,6.34,247.9,74,11.16,6.3,7,1.7,0,False,0,0,494.8,260,47.42,1.903076923076923,Normal,Low,0.09583670169765562,0.5254648342764753
AZ,97,408,No,Yes,25,141.0,101,23.97,212.0,85,18.02,175.2,138,7.88,4.9,2,1.32,3,False,0,1,533.1,326,51.19,1.635276073619632,Normal,Medium,0.09602326017632713,0.6115175389232789
KS,101,415,No,No,0,231.3,87,39.32,224.7,88,19.1,214.6,69,9.66,7.2,7,1.94,1,False,0,0,677.8000000000001,251,70.02,2.7003984063745023,Warning,Low,0.10330480967837119,0.3703157273532015
KS,127,415,No,Yes,24,154.8,69,26.32,177.2,105,15.06,207.6,102,9.34,9.0,4,2.43,1,False,0,1,548.6,280,53.15,1.9592857142857143,Normal,Low,0.09688297484506014,0.5103900838497994
WY,148,408,No,No,0,243.0,115,41.31,191.8,91,16.3,117.8,93,5.3,13.4,5,3.62,2,False,0,0,566.0,304,66.53,1.861842105263158,Warning,Medium,0.11754416961130743,0.5371024734982333
OK,138,510,No,Yes,33,155.2,139,26.38,268.3,79,22.81,186.4,71,8.39,9.7,4,2.62,3,False,0,1,619.6,293,60.199999999999996,2.1146757679180888,Warning,Medium,0.0971594577146546,0.47288573273079404
WA,84,415,No,No,0,289.1,100,49.15,233.8,97,19.87,223.5,148,10.06,12.7,2,3.43,2,True,0,0,759.1000000000001,347,82.51,2.1876080691642654,Critical,Medium,0.10869450665261493,0.4571202740086944
MD,133,510,No,No,0,295.0,141,50.15,223.6,101,19.01,229.4,109,10.32,12.9,4,3.48,2,True,0,0,760.9,355,82.96,2.1433802816901406,Critical,Medium,0.10902878170587461,0.46655276646077015
NY,120,510,No,Yes,27,128.5,115,21.85,163.7,91,13.91,242.9,121,10.93,0.0,0,0.0,1,False,0,1,535.1,327,46.690000000000005,1.6363914373088686,Normal,Low,0.08725471874415998,0.6111007288357316
WI,87,415,No,No,0,238.0,97,40.46,164.5,97,13.98,282.5,132,12.71,10.6,6,2.86,2,False,0,0,695.6,332,70.01,2.095180722891566,Warning,Medium,0.10064692351926395,0.47728579643473257
AK,99,510,No,No,0,238.4,96,40.53,246.5,130,20.95,198.4,117,8.93,12.4,4,3.35,3,False,0,0,695.6999999999999,347,73.75999999999999,2.004899135446686,Warning,Medium,0.10602271093862296,0.4987782089981314
AZ,48,415,No,Yes,27,141.1,109,23.99,224.7,94,19.1,174.3,122,7.84,13.2,2,3.56,1,False,0,1,553.3,327,54.49000000000001,1.6920489296636083,Warning,Low,0.09848183625519612,0.5909994577986626
KS,57,415,No,No,0,158.1,117,26.88,115.2,149,9.79,182.4,92,8.21,11.8,7,3.19,0,False,0,0,467.50000000000006,365,48.07,1.2808219178082194,Normal,Low,0.10282352941176469,0.7807486631016042
CA,127,510,No,No,0,107.9,128,18.34,187.0,77,15.9,218.5,95,9.83,0.0,0,0.0,0,False,0,0,513.4,300,44.07,1.7113333333333332,Normal,Low,0.08583950136345929,0.584339696143358
IN,114,408,No,No,0,203.8,85,34.65,87.8,110,7.46,166.2,122,7.48,11.7,4,3.16,1,False,0,0,469.5,321,52.75,1.4626168224299065,Normal,Low,0.11235356762513313,0.6837060702875399
CA,84,415,No,No,0,280.0,113,47.6,202.2,90,17.19,156.8,103,7.06,10.4,4,2.81,0,True,0,0,649.4,310,74.66000000000001,2.0948387096774193,Warning,Low,0.11496766245765323,0.4773637203572529
WI,114,415,No,Yes,26,137.1,88,23.31,155.7,125,13.23,247.6,94,11.14,11.5,7,3.11,2,False,0,1,551.9,314,50.79,1.7576433121019108,Warning,Medium,0.09202754122123573,0.5689436492118137
AL,106,408,No,Yes,29,83.6,131,14.21,203.9,131,17.33,229.5,73,10.33,8.1,3,2.19,1,False,0,1,525.1,338,44.059999999999995,1.5535502958579883,Normal,Low,0.08390782708055607,0.6436869167777566
VT,60,415,No,No,0,193.9,118,32.96,85.0,110,7.23,210.1,134,9.45,13.2,8,3.56,3,False,0,0,502.2,370,53.2,1.3572972972972972,Normal,Medium,0.10593389088012745,0.7367582636399841
WV,159,415,No,No,0,169.8,114,28.87,197.7,105,16.8,193.7,82,8.72,11.6,4,3.13,1,False,0,0,572.8000000000001,305,57.52,1.8780327868852462,Warning,Low,0.10041899441340782,0.5324720670391061
CT,184,510,Yes,No,0,213.8,105,36.35,159.6,84,13.57,139.2,137,6.26,5.0,10,1.35,2,False,1,0,517.5999999999999,336,57.53,1.54047619047619,Normal,Medium,0.11114760432766617,0.6491499227202474
